{
  "32": {
    "N": 32,
    "ku": 15,
    "kv": 15,
    "best_bler": 0.037,
    "sc_bler": 0.046,
    "ratio": 0.8043478260869565,
    "iters": 62420,
    "time_hr": 5.545411154760255
  }
}