{
  "a76": {
    "a": 76,
    "bler": 0.3006666666666667,
    "errs": 451,
    "n_cw": 1500,
    "done": true
  },
  "a88": {
    "a": 88,
    "bler": 0.2866666666666667,
    "errs": 430,
    "n_cw": 1500,
    "done": true
  },
  "a94": {
    "a": 94,
    "bler": 0.30933333333333335,
    "errs": 464,
    "n_cw": 1500,
    "done": true
  },
  "a100": {
    "a": 100,
    "bler": 0.678,
    "errs": 1017,
    "n_cw": 1500,
    "done": true
  }
}