{
  "0.3": {
    "alpha": 0.3,
    "h": -0.3,
    "sigma2_eff": 0.2285816652673718,
    "SNR_eff_dB": 6.409586076789065,
    "I_X_Z_Y": 0.9412871910767533,
    "I_XY_Z": 1.4137711353512343,
    "I_X_Z": 0.47248394427448104,
    "equal_rate": 0.7068855676756172,
    "done": true
  },
  "0.5": {
    "alpha": 0.5,
    "h": -0.5,
    "sigma2_eff": 0.1883914823632185,
    "SNR_eff_dB": 7.249387366082999,
    "I_X_Z_Y": 0.9772915226887442,
    "I_XY_Z": 1.4639374127123974,
    "I_X_Z": 0.4866458900236532,
    "equal_rate": 0.7319687063561987,
    "done": true
  },
  "0.7": {
    "alpha": 0.7,
    "h": -0.7,
    "sigma2_eff": 0.12810620800698858,
    "SNR_eff_dB": 8.924298239020636,
    "I_X_Z_Y": 1.0000574396432187,
    "I_XY_Z": 1.498962205692259,
    "I_X_Z": 0.4989047660490402,
    "equal_rate": 0.7494811028461295,
    "done": true
  },
  "0.9": {
    "alpha": 0.9,
    "h": -0.9,
    "sigma2_eff": 0.047725842198682006,
    "SNR_eff_dB": 13.212463990471711,
    "I_X_Z_Y": 1.0000165288316638,
    "I_XY_Z": 1.5003531954978315,
    "I_X_Z": 0.5003366666661677,
    "equal_rate": 0.7501765977489158,
    "done": true
  }
}