{
  "channel": {
    "name": "ISIMAC",
    "h": 0.3,
    "sigma2": 0.251188643150958,
    "SNR_dB": 6.0
  },
  "n_trials": 200,
  "n_sym": 4000,
  "h_zxy_closed": 1.0505171567144322,
  "h_zx_mc": 1.9725769307908108,
  "h_zx_se": 0.0008988579975548576,
  "h_z_mc": 2.4390768960902385,
  "h_z_se": 0.0010472711600901733,
  "I_X_Z_Y_eq_R_U_max": 0.9220597740763785,
  "I_Y_Z_X_eq_R_V_max": 0.9220597740763785,
  "I_XY_Z_eq_R_sum_max": 1.3885597393758062,
  "I_X_Z": 0.4664999652994277,
  "I_Y_Z": 0.4664999652994277,
  "equal_rate": 0.6942798696879031
}