{
  "3.0dB": {
    "snr_db": 3.0,
    "sigma2": 0.5011872336272722,
    "I_X_Z_Y": 0.7371981627189559,
    "I_XY_Z": 1.124599960646139,
    "equal_rate": 0.5622999803230695,
    "done": true
  },
  "4.0dB": {
    "snr_db": 4.0,
    "sigma2": 0.3981071705534972,
    "I_X_Z_Y": 0.8089841643211717,
    "I_XY_Z": 1.2265002596924972,
    "equal_rate": 0.6132501298462486,
    "done": true
  },
  "5.0dB": {
    "snr_db": 5.0,
    "sigma2": 0.31622776601683794,
    "I_X_Z_Y": 0.8726025387054612,
    "I_XY_Z": 1.317463149145468,
    "equal_rate": 0.658731574572734,
    "done": true
  },
  "7.0dB": {
    "snr_db": 7.0,
    "sigma2": 0.19952623149688797,
    "I_X_Z_Y": 0.9572036094022867,
    "I_XY_Z": 1.4394725313766068,
    "equal_rate": 0.7197362656883034,
    "done": true
  },
  "8.0dB": {
    "snr_db": 8.0,
    "sigma2": 0.15848931924611134,
    "I_X_Z_Y": 0.9804679375331483,
    "I_XY_Z": 1.473965133797479,
    "equal_rate": 0.7369825668987395,
    "done": true
  },
  "9.0dB": {
    "snr_db": 9.0,
    "sigma2": 0.12589254117941673,
    "I_X_Z_Y": 0.9912932072608017,
    "I_XY_Z": 1.4868936498337053,
    "equal_rate": 0.7434468249168527,
    "done": true
  }
}