{
  "channel": "ISIMAC2",
  "h1": 0.3,
  "h2": 0.15,
  "sigma2": 0.251188643150958,
  "I_X_Z_Y_eq_R_U_max": 0.925588834453777,
  "I_Y_Z_X_eq_R_V_max": 0.925588834453777,
  "I_XY_Z_eq_R_sum_max": 1.3910445568897427,
  "I_X_Z": 0.46545572243596567,
  "I_Y_Z": 0.46545572243596567,
  "equal_rate": 0.6955222784448714,
  "n_trials": 100,
  "n_sym": 3000
}