{
  "gmac_6dB": {
    "I_X_Z_Y": 0.9117262622030302,
    "I_XY_Z": 1.3756865195765677,
    "sigma2": 0.251188643150958,
    "channel": "GaussianMAC"
  },
  "abnmac_p1": {
    "I_X_Z_Y": 0.7619180037239682,
    "I_XY_Z": 1.1668419220401272,
    "p_noise": 0.1,
    "channel": "ABNMAC"
  },
  "abnmac_p2": {
    "I_X_Z_Y": 0.6354564195615052,
    "I_XY_Z": 0.994373126821099,
    "p_noise": 0.2,
    "channel": "ABNMAC"
  },
  "abnmac_p3": {
    "I_X_Z_Y": 0.5569201694597837,
    "I_XY_Z": 0.8877917586585269,
    "p_noise": 0.3,
    "channel": "ABNMAC"
  }
}