{
  "channel": "ISI-MAC",
  "h": 0.3,
  "snr_db": 6.0,
  "sigma2": 0.251188643150958,
  "path": "Class C corner-rate (chained SU SCT)",
  "n_design_trials_per_N": 50000,
  "n_eval_per_N": 10000,
  "n_workers": 7,
  "results": {
    "128": {
      "N": 128,
      "ku": 30,
      "kv": 58,
      "h": 0.3,
      "snr_db": 6.0,
      "n_design_trials": 50000,
      "design_time_s": 64.92939710617065,
      "Au": [
        62,
        63,
        64,
        88,
        92,
        94,
        95,
        96,
        104,
        107,
        108,
        109,
        110,
        111,
        112,
        114,
        115,
        116,
        117,
        118,
        119,
        120,
        121,
        122,
        123,
        124,
        125,
        126,
        127,
        128
      ],
      "Av": [
        16,
        24,
        28,
        30,
        31,
        32,
        40,
        44,
        46,
        47,
        48,
        52,
        54,
        55,
        56,
        58,
        59,
        60,
        62,
        63,
        64,
        72,
        76,
        78,
        79,
        80,
        84,
        86,
        87,
        88,
        90,
        91,
        92,
        94,
        95,
        96,
        100,
        102,
        103,
        104,
        106,
        107,
        108,
        110,
        111,
        112,
        114,
        115,
        116,
        118,
        119,
        120,
        122,
        123,
        124,
        126,
        127,
        128
      ],
      "Pe_u_top10": [
        0.00224,
        0.00102,
        0.0,
        0.00152,
        0.00032,
        0.00014,
        6e-05,
        0.0,
        4e-05,
        0.00356
      ],
      "Pe_v_top10": [
        0.0,
        0.0,
        0.0,
        0.0,
        0.0,
        0.0,
        0.0,
        0.0,
        0.0,
        0.0
      ],
      "Pe_u": [
        0.50012,
        0.50132,
        0.4988,
        0.50206,
        0.50126,
        0.50528,
        0.49666,
        0.49578,
        0.5006,
        0.5,
        0.50238,
        0.50002,
        0.5013,
        0.50224,
        0.49964,
        0.4715,
        0.50086,
        0.50378,
        0.50102,
        0.4982,
        0.4974,
        0.49806,
        0.49754,
        0.453,
        0.49912,
        0.49826,
        0.49794,
        0.4252,
        0.49152,
        0.38568,
        0.34578,
        0.11554,
        0.50028,
        0.4992,
        0.49894,
        0.5008,
        0.50138,
        0.49884,
        0.49594,
        0.4003,
        0.50154,
        0.48552,
        0.48746,
        0.35096,
        0.46808,
        0.2894,
        0.2372,
        0.04944,
        0.49992,
        0.4698,
        0.45218,
        0.25474,
        0.41378,
        0.19164,
        0.14002,
        0.01664,
        0.34648,
        0.11666,
        0.08028,
        0.00518,
        0.04762,
        0.00224,
        0.00102,
        0.0,
        0.50338,
        0.49954,
        0.50246,
        0.48618,
        0.49856,
        0.4743,
        0.46084,
        0.26612,
        0.49692,
        0.44594,
        0.4169,
        0.19508,
        0.36222,
        0.13008,
        0.09182,
        0.00778,
        0.49104,
        0.37736,
        0.33172,
        0.10502,
        0.26342,
        0.06194,
        0.03764,
        0.00152,
        0.1853,
        0.02866,
        0.01824,
        0.00032,
        0.00894,
        0.00014,
        6e-05,
        0.0,
        0.4531,
        0.26054,
        0.20488,
        0.03516,
        0.14302,
        0.01712,
        0.00958,
        4e-05,
        0.08708,
        0.00642,
        0.00356,
        0.0,
        0.00166,
        0.0,
        0.0,
        0.0,
        0.05076,
        0.00224,
        0.00126,
        0.0,
        0.0007,
        0.0,
        0.0,
        0.0,
        0.00026,
        0.0,
        0.0,
        0.0,
        0.0,
        0.0,
        0.0,
        0.0
      ],
      "Pe_v": [
        0.4982,
        0.42664,
        0.40462,
        0.19622,
        0.35992,
        0.15008,
        0.1162,
        0.01472,
        0.3075,
        0.10216,
        0.07594,
        0.00692,
        0.04792,
        0.00264,
        0.00158,
        0.0,
        0.24248,
        0.06366,
        0.04622,
        0.0028,
        0.02786,
        0.0009,
        0.0005,
        0.0,
        0.01702,
        0.00034,
        0.00016,
        0.0,
        6e-05,
        0.0,
        0.0,
        0.0,
        0.19674,
        0.04344,
        0.0287,
        0.0011,
        0.01822,
        0.00046,
        0.00026,
        0.0,
        0.01054,
        0.00016,
        0.00012,
        0.0,
        4e-05,
        0.0,
        0.0,
        0.0,
        0.0064,
        4e-05,
        2e-05,
        0.0,
        4e-05,
        0.0,
        0.0,
        0.0,
        0.0,
        0.0,
        0.0,
        0.0,
        0.0,
        0.0,
        0.0,
        0.0,
        0.18696,
        0.04286,
        0.02956,
        0.00132,
        0.01806,
        0.00048,
        0.00026,
        0.0,
        0.01188,
        0.0003,
        8e-05,
        0.0,
        8e-05,
        0.0,
        0.0,
        0.0,
        0.00754,
        8e-05,
        8e-05,
        0.0,
        0.0,
        0.0,
        0.0,
        0.0,
        2e-05,
        0.0,
        0.0,
        0.0,
        0.0,
        0.0,
        0.0,
        0.0,
        0.00694,
        0.00014,
        6e-05,
        0.0,
        2e-05,
        0.0,
        0.0,
        0.0,
        0.0,
        0.0,
        0.0,
        0.0,
        0.0,
        0.0,
        0.0,
        0.0,
        4e-05,
        0.0,
        0.0,
        0.0,
        0.0,
        0.0,
        0.0,
        0.0,
        0.0,
        0.0,
        0.0,
        0.0,
        0.0,
        0.0,
        0.0,
        0.0
      ],
      "eval": {
        "bler_chained": 0.0222,
        "bler_u": 0.0222,
        "bler_v": 0.0201,
        "errs_chained": 222,
        "errs_u": 222,
        "errs_v": 201,
        "n_cw": 10000,
        "elapsed_s": 13.733796119689941
      }
    },
    "256": {
      "N": 256,
      "ku": 59,
      "kv": 117,
      "h": 0.3,
      "snr_db": 6.0,
      "n_design_trials": 50000,
      "design_time_s": 150.72147417068481,
      "Au": [
        112,
        120,
        124,
        126,
        127,
        128,
        160,
        176,
        183,
        184,
        186,
        187,
        188,
        189,
        190,
        191,
        192,
        206,
        207,
        208,
        212,
        214,
        215,
        216,
        218,
        219,
        220,
        221,
        222,
        223,
        224,
        228,
        230,
        231,
        232,
        233,
        234,
        235,
        236,
        237,
        238,
        239,
        240,
        241,
        242,
        243,
        244,
        245,
        246,
        247,
        248,
        249,
        250,
        251,
        252,
        253,
        254,
        255,
        256
      ],