{
  "channel": "ISI-MAC",
  "h": 0.3,
  "snr_db": 6.0,
  "decoder": "4-state chained SCT (corner-rate)",
  "results": {
    "128": {
      "N": 128,
      "ku": 30,
      "kv": 58,
      "Au": [
        60,
        62,
        63,
        64,
        88,
        92,
        94,
        95,
        96,
        104,
        108,
        109,
        110,
        111,
        112,
        114,
        115,
        116,
        117,
        118,
        119,
        120,
        121,
        122,
        123,
        124,
        125,
        126,
        127,
        128
      ],
      "Av": [
        16,
        24,
        28,
        30,
        31,
        32,
        40,
        44,
        46,
        47,
        48,
        52,
        54,
        55,
        56,
        58,
        59,
        60,
        62,
        63,
        64,
        72,
        76,
        78,
        79,
        80,
        84,
        86,
        87,
        88,
        90,
        91,
        92,
        94,
        95,
        96,
        100,
        102,
        103,
        104,
        106,
        107,
        108,
        110,
        111,
        112,
        114,
        115,
        116,
        118,
        119,
        120,
        122,
        123,
        124,
        126,
        127,
        128
      ],
      "n_design": 30000,
      "design_time_s": 157.19363403320312,
      "eval_time_s": 55.234598875045776,
      "eval": {
        "bler": 0.0064,
        "errs": 64,
        "bler_u": 0.0063,
        "errs_u": 63,
        "bler_v": 0.0056,
        "errs_v": 56,
        "n_cw": 10000
      }
    },
    "256": {
      "N": 256,
      "ku": 59,
      "kv": 117,
      "Au": [
        112,
        120,
        124,
        126,
        127,
        128,
        160,
        176,
        182,
        183,
        184,
        186,
        187,
        188,
        189,
        190,
        191,
        192,
        204,
        206,
        207,
        208,
        212,
        214,
        215,
        216,
        218,
        219,
        220,
        221,
        222,
        223,
        224,
        228,
        230,
        231,
        232,
        234,
        235,
        236,
        237,
        238,
        239,
        240,
        242,
        243,
        244,
        245,
        246,
        247,
        248,
        249,
        250,
        251,
        252,
        253,
        254,
        255,
        256
      ],
      "Av": [
        30,
        31,
        32,
        40,
        44,
        46,
        47,
        48,
        52,
        54,
        55,
        56,
        58,
        60,
        62,
        63,
        64,
        72,
        76,
        78,
        79,
        80,
        84,
        86,
        87,
        88,
        90,
        92,
        94,
        95,
        96,
        100,
        102,
        104,
        106,
        108,
        110,
        111,
        112,
        114,
        116,
        118,
        119,
        120,
        122,
        124,
        126,
        127,
        128,
        136,
        140,
        142,
        143,
        144,
        148,
        150,
        152,
        154,
        156,
        158,
        159,
        160,
        164,
        166,
        168,
        170,
        172,
        174,
        175,
        176,
        178,
        180,
        182,
        183,
        184,
        186,
        188,
        190,
        191,
        192,
        196,
        198,
        200,
        202,
        204,
        206,
        207,
        208,
        210,
        212,
        214,
        215,
        216,
        218,
        220,
        222,
        223,
        224,
        226,
        228,
        230,
        232,
        234,
        236,
        238,
        239,
        240,
        242,
        244,
        246,
        247,
        248,
        250,
        252,
        254,
        255,
        256
      ],
      "n_design": 30000,
      "design_time_s": 332.74353098869324,
      "eval_time_s": 112.32051110267639,
      "eval": {
        "bler": 0.0013,
        "errs": 13,
        "bler_u": 0.0013,
        "errs_u": 13,
        "bler_v": 0.0012,
        "errs_v": 12,
        "n_cw": 10000
      }
    }
  },
  "total_time_s": 657.5024149417877
}