{
  "N": 512,
  "a_star": 298,
  "k_u": 144,
  "k_v": 144,
  "mc_trials": 1500,
  "bler": 0.06666666666666667,
  "errs": 100,
  "n_cw": 1500,
  "peU": [
    0.49133333333333334,
    0.4866666666666667,
    0.518,
    0.5133333333333333,
    0.49733333333333335,
    0.502,
    0.49866666666666665,
    0.51,
    0.484,
    0.5026666666666667,
    0.482,
    0.5073333333333333,
    0.4826666666666667,
    0.5006666666666667,
    0.49666666666666665,
    0.53,
    0.5066666666666667,
    0.488,
    0.5,
    0.5026666666666667,
    0.488,
    0.5173333333333333,
    0.48133333333333334,
    0.5126666666666667,
    0.4786666666666667,
    0.5053333333333333,
    0.5033333333333333,
    0.492,
    0.49266666666666664,
    0.5006666666666667,
    0.49933333333333335,
    0.5006666666666667,
    0.48933333333333334,
    0.5053333333333333,
    0.5393333333333333,
    0.5046666666666667,
    0.49933333333333335,
    0.5093333333333333,
    0.5086666666666667,
    0.504,
    0.496,
    0.5046666666666667,
    0.5013333333333333,
    0.49333333333333335,
    0.51,
    0.48733333333333334,
    0.49066666666666664,
    0.496,
    0.49866666666666665,
    0.512,
    0.48933333333333334,
    0.54,
    0.4806666666666667,
    0.49266666666666664,
    0.48533333333333334,
    0.49933333333333335,
    0.48933333333333334,
    0.52,
    0.504,
    0.49266666666666664,
    0.47733333333333333,
    0.49266666666666664,
    0.4886666666666667,
    0.452,
    0.49533333333333335,
    0.48133333333333334,
    0.5146666666666667,
    0.504,
    0.5026666666666667,
    0.5046666666666667,
    0.49,
    0.532,
    0.492,
    0.484,
    0.504,
    0.4746666666666667,
    0.48533333333333334,
    0.492,
    0.4826666666666667,
    0.4886666666666667,
    0.52,
    0.5073333333333333,
    0.5026666666666667,
    0.49266666666666664,
    0.5026666666666667,
    0.5186666666666667,
    0.49733333333333335,
    0.47533333333333333,
    0.4726666666666667,
    0.49866666666666665,
    0.49933333333333335,
    0.5046666666666667,
    0.5186666666666667,
    0.494,
    0.5126666666666667,
    0.46266666666666667,
    0.49866666666666665,
    0.49333333333333335,
    0.48733333333333334,
    0.492,
    0.5113333333333333,
    0.49,
    0.5153333333333333,
    0.51,
    0.49133333333333334,
    0.5006666666666667,
    0.5053333333333333,
    0.4846666666666667,
    0.5113333333333333,
    0.5066666666666667,
    0.4886666666666667,
    0.44666666666666666,
    0.5026666666666667,
    0.494,
    0.5133333333333333,
    0.484,
    0.5146666666666667,
    0.5213333333333333,
    0.48533333333333334,
    0.43533333333333335,
    0.506,
    0.496,
    0.486,
    0.426,
    0.49066666666666664,
    0.38466666666666666,
    0.3486666666666667,
    0.13466666666666666,
    0.48933333333333334,
    0.5106666666666667,
    0.502,
    0.49466666666666664,
    0.5113333333333333,
    0.49333333333333335,
    0.47733333333333333,
    0.474,
    0.49733333333333335,
    0.48133333333333334,
    0.49466666666666664,
    0.5113333333333333,
    0.5026666666666667,
    0.5053333333333333,
    0.518,
    0.49,
    0.494,
    0.5066666666666667,
    0.5093333333333333,
    0.49333333333333335,
    0.49,
    0.5046666666666667,
    0.5106666666666667,
    0.5126666666666667,
    0.51,
    0.502,
    0.5133333333333333,
    0.5026666666666667,
    0.49933333333333335,
    0.478,
    0.5113333333333333,
    0.432,
    0.49133333333333334,
    0.48933333333333334,
    0.48333333333333334,
    0.5046666666666667,
    0.5053333333333333,
    0.48533333333333334,
    0.512,
    0.5173333333333333,
    0.498,
    0.494,
    0.49066666666666664,
    0.49866666666666665,
    0.47733333333333333,
    0.498,
    0.48133333333333334,
    0.39866666666666667,
    0.498,
    0.5166666666666667,
    0.5053333333333333,
    0.48533333333333334,
    0.5,
    0.49266666666666664,
    0.5066666666666667,
    0.36466666666666664,
    0.4746666666666667,
    0.47733333333333333,
    0.4693333333333333,
    0.31733333333333336,
    0.44733333333333336,
    0.236,
    0.228,
    0.058666666666666666,
    0.49266666666666664,
    0.49333333333333335,
    0.4866666666666667,
    0.49266666666666664,
    0.5146666666666667,
    0.492,
    0.508,
    0.4666666666666667,
    0.506,
    0.49533333333333335,
    0.466,
    0.49466666666666664,
    0.4693333333333333,
    0.47733333333333333,
    0.49133333333333334,
    0.31533333333333335,
    0.5186666666666667,
    0.49733333333333335,
    0.49866666666666665,
    0.4706666666666667,
    0.49666666666666665,
    0.45866666666666667,
    0.42,
    0.2673333333333333,
    0.4693333333333333,
    0.43466666666666665,
    0.41733333333333333,
    0.20733333333333334,
    0.354,
    0.15,
    0.09933333333333333,
    0.012666666666666666,
    0.5106666666666667,
    0.49333333333333335,
    0.47933333333333333,
    0.44733333333333336,
    0.5153333333333333,
    0.4086666666666667,
    0.378,
    0.20133333333333334,
    0.476,
    0.3446666666666667,
    0.32,
    0.108,
    0.2613333333333333,
    0.07266666666666667,
    0.06066666666666667,
    0.006666666666666667,
    0.4633333333333333,
    0.27666666666666667,
    0.23933333333333334,
    0.058,
    0.17466666666666666,
    0.034,
    0.024,
    0.0006666666666666666,
    0.116,
    0.01,
    0.010666666666666666,
    0.0,
    0.005333333333333333,
    0.0,
    0.0006666666666666666,
    0.0,
    0.5073333333333333,
    0.49733333333333335,
    0.49733333333333335,
    0.5033333333333333,
    0.494,
    0.4866666666666667,
    0.5133333333333333,
    0.5126666666666667,
    0.5266666666666666,
    0.49066666666666664,
    0.508,
    0.504,
    0.522,
    0.5066666666666667,
    0.49266666666666664,
    0.472,
    0.5146666666666667,
    0.49733333333333335,
    0.5073333333333333,
    0.494,
    0.516,
    0.49133333333333334,
    0.51,
    0.4673333333333333,
    0.5106666666666667,
    0.51,
    0.5333333333333333,
    0.4693333333333333,
    0.51,
    0.456,
    0.408,
    0.27066666666666667,
    0.49133333333333334,
    0.508,
    0.5193333333333333,
    0.48733333333333334,
    0.4806666666666667,
    0.49733333333333335,
    0.516,
    0.464,
    0.5026666666666667,
    0.5226666666666666,
    0.06133333333333333,
    0.002,
    0.03333333333333333,
    0.0,
    0.0,
    0.0,
    0.18333333333333332,
    0.04,
    0.013333333333333334,
    0.0006666666666666666,
    0.014666666666666666,
    0.0,
    0.0,
    0.0,
    0.008,
    0.0,
    0.0,
    0.0,
    0.0,
    0.0,
    0.0,
    0.0,
    0.472,
    0.2846666666666667,
    0.258,
    0.06866666666666667,
    0.20666666666666667,
    0.03933333333333333,
    0.025333333333333333,
    0.0013333333333333333,
    0.154,
    0.029333333333333333,
    0.01,
    0.0006666666666666666,
    0.008,
    0.0,
    0.0,
    0.0,
    0.10266666666666667,
    0.014,
    0.008,
    0.0006666666666666666,
    0.0013333333333333333,
    0.0,
    0.0,
    0.0,
    0.0013333333333333333,
    0.0,
    0.0,
    0.0,
    0.0,
    0.0,
    0.0,
    0.0,
    0.06,
    0.0033333333333333335,
    0.0006666666666666666,
    0.0,
    0.0013333333333333333,
    0.0,
    0.0,
    0.0,
    0.0,
    0.0,
    0.0,
    0.0,
    0.0,
    0.0,
    0.0,
    0.0,
    0.0,
    0.0,
    0.0,
    0.0,
    0.0,
    0.0,
    0.0,
    0.0,
    0.0,
    0.0,
    0.0,
    0.0,
    0.0,
    0.0,
    0.0,
    0.0,
    0.3913333333333333,
    0.14133333333333334,
    0.12133333333333333,
    0.012,
    0.078,
    0.009333333333333334,
    0.006666666666666667,
    0.0,
    0.056,
    0.0033333333333333335,
    0.0006666666666666666,
    0.0,
    0.0006666666666666666,
    0.0,
    0.0,
    0.0,
    0.026,
    0.0006666666666666666,
    0.0006666666666666666,
    0.0,
    0.0006666666666666666,
    0.0,
    0.0,
    0.0,
    0.0,
    0.0,
    0.0,
    0.0,
    0.0,
    0.0,
    0.0,
    0.0,
    0.017333333333333333,
    0.0006666666666666666,
    0.0,
    0.0,
    0.0,
    0.0,
    0.0,
    0.0,
    0.0,
    0.0,
