{
  "N": 128,
  "a_star": 76,
  "k_u": 36,
  "k_v": 36,
  "mc_trials": 4000,
  "peU": [
    0.49925,
    0.5015,
    0.496,
    0.49375,
    0.4985,
    0.50375,
    0.4975,
    0.4935,
    0.48825,
    0.49325,
    0.4975,
    0.49575,
    0.49275,
    0.51275,
    0.503,
    0.482,
    0.49775,
    0.50075,
    0.4925,
    0.49525,
    0.499,
    0.51275,
    0.485,
    0.4745,
    0.5155,
    0.48925,
    0.505,
    0.466,
    0.4955,
    0.459,
    0.44875,
    0.29575,
    0.50125,
    0.50025,
    0.49625,
    0.50075,
    0.49,
    0.4905,
    0.5115,
    0.4655,
    0.4985,
    0.485,
    0.512,
    0.452,
    0.4985,
    0.4245,
    0.4245,
    0.225,
    0.49275,
    0.502,
    0.493,
    0.41325,
    0.482,
    0.39975,
    0.3565,
    0.14675,
    0.4615,
    0.3225,
    0.299,
    0.08825,
    0.2325,
    0.05725,
    0.03,
    0.00075,
    0.4865,
    0.49575,
    0.4885,
    0.50425,
    0.52,
    0.4995,
    0.489,
    0.36875,
    0.498,
    0.48225,
    0.4615,
    0.338,
    0.0475,
    0.00425,
    0.00125,
    0.0,
    0.24775,
    0.065,
    0.04425,
    0.0015,
    0.02975,
    0.00125,
    0.00075,
    0.0,
    0.0125,
    0.0,
    0.00025,
    0.0,
    0.0,
    0.0,
    0.0,
    0.0,
    0.12875,
    0.021,
    0.01,
    0.00075,
    0.00675,
    0.0,
    0.0,
    0.0,
    0.0045,
    0.0,
    0.0,
    0.0,
    0.0,
    0.0,
    0.0,
    0.0,
    0.00075,
    0.0,
    0.0,
    0.0,
    0.0,
    0.0,
    0.0,
    0.0,
    0.0,
    0.0,
    0.0,
    0.0,
    0.0,
    0.0,
    0.0,
    0.0
  ],
  "peV": [
    0.49425,
    0.493,
    0.4965,
    0.48975,
    0.5055,
    0.501,
    0.49525,
    0.50375,
    0.49275,
    0.4975,
    0.49825,
    0.4955,
    0.5015,
    0.49625,
    0.50075,
    0.465,
    0.5015,
    0.5095,
    0.49875,
    0.5155,
    0.501,
    0.50775,
    0.497,
    0.42275,
    0.507,
    0.4845,
    0.479,
    0.38075,
    0.48125,
    0.3495,
    0.317,
    0.10675,
    0.5,
    0.51125,
    0.49975,
    0.46925,
    0.4925,
    0.46675,
    0.4465,
    0.29525,
    0.4925,
    0.45725,
    0.41675,
    0.226,
    0.39125,
    0.1675,
    0.1315,
    0.02175,
    0.49075,
    0.37175,
    0.33625,
    0.131,
    0.28525,
    0.082,
    0.06175,
    0.00525,
    0.21925,
    0.04225,
    0.0295,
    0.00025,
    0.0165,
    0.0005,
    0.0,
    0.0,
    0.507,
    0.485,
    0.47025,
    0.3345,
    0.46975,
    0.30725,
    0.27925,
    0.086,
    0.43875,
    0.25425,
    0.20475,
    0.0465,
    0.36175,
    0.12925,
    0.08575,
    0.00825,
    0.50675,
    0.3915,
    0.34175,
    0.106,
    0.27625,
    0.0675,
    0.0405,
    0.0015,
    0.1915,
    0.0285,
    0.016,
    0.0,
    0.01125,
    0.00025,
    0.00025,
    0.0,
    0.4655,
    0.26125,
    0.207,
    0.0335,
    0.14425,
    0.015,
    0.00925,
    0.0,
    0.0895,
    0.004,
    0.00175,
    0.0,
    0.001,
    0.0,
    0.0,
    0.0,
    0.055,
    0.001,
    0.0005,
    0.0,
    0.001,
    0.0,
    0.0,
    0.0,
    0.00025,
    0.0,
    0.0,
    0.0,
    0.0,
    0.0,
    0.0,
    0.0
  ],
  "bler": 0.1782857142857143,
  "errs": 624,
  "n_cw": 3500,
  "mc_trials_design": 10000
}