{
  "N": 128,
  "a_star": 76,
  "k_u": 30,
  "k_v": 30,
  "mc_trials": 4000,
  "peU": [
    0.5,
    0.49675,
    0.4955,
    0.4955,
    0.506,
    0.514,
    0.50825,
    0.4945,
    0.4925,
    0.49475,
    0.503,
    0.501,
    0.4935,
    0.50175,
    0.50425,
    0.48825,
    0.4985,
    0.5005,
    0.49875,
    0.4955,
    0.50625,
    0.4975,
    0.505,
    0.47475,
    0.48525,
    0.49375,
    0.5,
    0.4655,
    0.50175,
    0.4835,
    0.46375,
    0.31325,
    0.5035,
    0.49375,
    0.49775,
    0.493,
    0.5095,
    0.49775,
    0.5135,
    0.46925,
    0.51175,
    0.4985,
    0.49975,
    0.44625,
    0.486,
    0.43325,
    0.412,
    0.21,
    0.49975,
    0.50175,
    0.5005,
    0.41525,
    0.48275,
    0.38625,
    0.356,
    0.149,
    0.47675,
    0.325,
    0.2885,
    0.0925,
    0.2355,
    0.058,
    0.0305,
    0.00025,
    0.4935,
    0.48225,
    0.4835,
    0.50325,
    0.4885,
    0.496,
    0.4935,
    0.36825,
    0.50825,
    0.4895,
    0.48025,
    0.326,
    0.0535,
    0.002,
    0.001,
    0.0,
    0.255,
    0.05975,
    0.04025,
    0.00125,
    0.021,
    0.0005,
    0.00025,
    0.0,
    0.01475,
    0.0,
    0.0,
    0.0,
    0.00025,
    0.0,
    0.0,
    0.0,
    0.131,
    0.019,
    0.013,
    0.0,
    0.00725,
    0.0,
    0.0,
    0.0,
    0.00475,
    0.0,
    0.0,
    0.0,
    0.0,
    0.0,
    0.0,
    0.0,
    0.001,
    0.0,
    0.0,
    0.0,
    0.0,
    0.0,
    0.0,
    0.0,
    0.0,
    0.0,
    0.0,
    0.0,
    0.0,
    0.0,
    0.0,
    0.0
  ],
  "peV": [
    0.48975,
    0.49625,
    0.4955,
    0.51225,
    0.48975,
    0.50025,
    0.508,
    0.4915,
    0.4905,
    0.5085,
    0.49725,
    0.488,
    0.50175,
    0.49975,
    0.50775,
    0.455,
    0.50925,
    0.50225,
    0.499,
    0.49675,
    0.498,
    0.493,
    0.493,
    0.42225,
    0.496,
    0.489,
    0.486,
    0.38875,
    0.48075,
    0.3555,
    0.31675,
    0.10425,
    0.4955,
    0.5055,
    0.49825,
    0.47825,
    0.499,
    0.48075,
    0.4655,
    0.28175,
    0.50425,
    0.44075,
    0.421,
    0.23025,
    0.3775,
    0.1735,
    0.14875,
    0.0195,
    0.50025,
    0.3775,
    0.334,
    0.12925,
    0.295,
    0.08975,
    0.0655,
    0.00375,
    0.2005,
    0.04375,
    0.03175,
    0.0015,
    0.014,
    0.00025,
    0.0,
    0.0,
    0.50425,
    0.47425,
    0.48525,
    0.34375,
    0.462,
    0.31375,
    0.2715,
    0.083,
    0.445,
    0.252,
    0.208,
    0.044,
    0.36375,
    0.12575,
    0.08975,
    0.0055,
    0.49025,
    0.39175,
    0.3385,
    0.10175,
    0.2745,
    0.0635,
    0.043,
    0.001,
    0.20025,
    0.02775,
    0.01725,
    0.00075,
    0.0085,
    0.00025,
    0.0,
    0.0,
    0.4525,
    0.25075,
    0.20225,
    0.02775,
    0.13975,
    0.01475,
    0.009,
    0.0,
    0.08525,
    0.00575,
    0.00275,
    0.0,
    0.00075,
    0.0,
    0.0,
    0.0,
    0.04675,
    0.001,
    0.001,
    0.0,
    0.00075,
    0.0,
    0.0,
    0.0,
    0.00025,
    0.0,
    0.0,
    0.0,
    0.0,
    0.0,
    0.0,
    0.0
  ],
  "bler": 0.1244,
  "errs": 311,
  "n_cw": 2500
}