{
  "sct": {
    "bler": 0.13633333333333333,
    "errs": 409,
    "n_cw": 3000,
    "done": true
  },
  "ncg": {
    "bler": 0.14266666666666666,
    "errs": 428,
    "n_cw": 3000,
    "iters": 50000,
    "done": true
  }
}