{
  "channel": {
    "name": "ISIMAC",
    "h": 0.3,
    "sigma2": 0.251188643150958
  },
  "N": 32,
  "mc_trials": 4000,
  "candidates": {
    "0": {
      "a": 0,
      "R_U": 17.005686066431803,
      "R_V": 9.119375573936583,
      "R_tot": 26.125061640368386,
      "abs_diff": 7.88631049249522,
      "peU": [
        0.505,
        0.498,
        0.51025,
        0.4445,
        0.51125,
        0.42025,
        0.4025,
        0.186,
        0.4705,
        0.32975,
        0.28875,
        0.079,
        0.21375,
        0.0545,
        0.0295,
        0.001,
        0.364,
        0.15575,
        0.118,
        0.0135,
        0.07875,
        0.0035,
        0.004,
        0.0,
        0.03525,
        0.00175,
        0.001,
        0.0,
        0.0005,
        0.0,
        0.0,
        0.0
      ],
      "peV": [
        0.5025,
        0.49525,
        0.49375,
        0.4975,
        0.48375,
        0.47875,
        0.48025,
        0.382,
        0.497,
        0.48725,
        0.469,
        0.3415,
        0.4665,
        0.313,
        0.25575,
        0.07075,
        0.4995,
        0.4405,
        0.433,
        0.23,
        0.3815,
        0.16525,
        0.1265,
        0.01375,
        0.2965,
        0.09025,
        0.0595,
        0.00375,
        0.03225,
        0.001,
        0.00125,
        0.0
      ],
      "elapsed": 23.105921983718872,
      "done": true
    },
    "8": {
      "a": 8,
      "R_U": 16.738648471354054,
      "R_V": 9.688995420576715,
      "R_tot": 26.42764389193077,
      "abs_diff": 7.049653050777339,
      "peU": [
        0.489,
        0.5065,
        0.489,
        0.48875,
        0.49175,
        0.4845,
        0.497,
        0.40225,
        0.4765,
        0.33575,
        0.295,
        0.09225,
        0.2185,
        0.04775,
        0.026,
        0.001,
        0.3665,
        0.14525,
        0.10675,
        0.0125,
        0.06875,
        0.00525,
        0.00225,
        0.0,
        0.03525,
        0.00325,
        0.001,
        0.0,
        0.0005,
        0.0,
        0.0,
        0.0
      ],
      "peV": [
        0.49125,
        0.5005,
        0.48525,
        0.49525,
        0.50975,
        0.505,
        0.48875,
        0.38125,
        0.491,
        0.48725,
        0.479,
        0.319,
        0.45725,
        0.276,
        0.2195,
        0.0445,
        0.49675,
        0.44425,
        0.42125,
        0.20825,
        0.35825,
        0.143,
        0.1155,
        0.0105,
        0.279,
        0.079,
        0.0515,
        0.002,
        0.025,
        0.0005,
        0.0,
        0.0
      ],
      "elapsed": 15.44722580909729,
      "done": true
    },
    "12": {
      "a": 12,
      "R_U": 16.028767071803674,
      "R_V": 10.31826713363116,
      "R_tot": 26.347034205434834,
      "abs_diff": 5.710499938172514,
      "peU": [
        0.5045,
        0.49125,
        0.498,
        0.50775,
        0.4945,
        0.481,
        0.49525,
        0.39225,
        0.51475,
        0.48025,
        0.46625,
        0.34225,
        0.218,
        0.04175,
        0.03275,
        0.00125,
        0.34825,
        0.15075,
        0.1105,
        0.01325,
        0.06975,
        0.005,
        0.0035,
        0.0,
        0.0405,
        0.001,
        0.00075,
        0.0,
        0.0,
        0.0,
        0.0,
        0.0
      ],
      "peV": [
        0.49325,
        0.497,
        0.50475,
        0.507,
        0.5055,
        0.48725,
        0.4735,
        0.355,
        0.49875,
        0.4325,
        0.41175,
        0.21825,
        0.4365,
        0.24875,
        0.1845,
        0.026,
        0.50375,
        0.4475,
        0.415,
        0.1845,
        0.3745,
        0.14225,
        0.095,
        0.00625,
        0.276,
        0.06725,
        0.0425,
        0.0015,
        0.024,
        0.00025,
        0.00075,
        0.0
      ],
      "elapsed": 18.2757830619812,
      "done": true
    },
    "13": {
      "a": 13,
      "R_U": 15.768706882741442,
      "R_V": 10.842620336358888,
      "R_tot": 26.611327219100332,
      "abs_diff": 4.926086546382555,
      "peU": [
        0.49625,
        0.49575,
        0.5185,
        0.48975,
        0.509,
        0.483,
        0.49525,
        0.40525,
        0.51025,
        0.482,
        0.473,
        0.348,
        0.465,
        0.05125,
        0.02825,
        0.00025,
        0.374,
        0.154,
        0.10975,
        0.013,
        0.0705,
        0.0045,
        0.00325,
        0.0,
        0.03225,
        0.0025,
        0.0005,
        0.0,
        0.00025,
        0.0,
        0.0,
        0.0
      ],
      "peV": [
        0.50725,
        0.508,
        0.4985,
        0.4935,
        0.5085,
        0.49225,
        0.457,
        0.34775,
        0.50125,
        0.451,
        0.40925,
        0.2185,
        0.36425,
        0.2185,
        0.1635,
        0.0255,
        0.5025,
        0.4555,
        0.40975,
        0.16525,
        0.33925,
        0.11275,
        0.07425,
        0.00625,
        0.26125,
        0.058,
        0.0315,
        0.00125,
        0.01875,
        0.00025,
        0.0,
        0.0
      ],
      "elapsed": 22.355626821517944,
      "done": true
    },
    "14": {
      "a": 14,
      "R_U": 15.132025313444236,
      "R_V": 11.184721558520174,
      "R_tot": 26.316746871964412,
      "abs_diff": 3.9473037549240626,
      "peU": [
        0.50125,
        0.50375,
        0.48175,
        0.509,
        0.50175,
        0.4955,
        0.4845,
        0.3855,
        0.4995,
        0.50025,
        0.48425,
        0.3615,
        0.4665,
        0.2885,
        0.028,
        0.0015,
        0.353,
        0.15325,
        0.1215,
        0.0135,
        0.07225,
        0.00625,
        0.00275,
        0.0,
        0.03325,
        0.00225,
        0.0015,
        0.0,
        0.00025,
        0.0,
        0.0,
        0.0
      ],
      "peV": [
        0.4925,
        0.482,
        0.5005,
        0.4905,
        0.51775,
        0.478,
        0.475,
        0.32175,
        0.48175,
        0.4275,
        0.417,
        0.18575,
        0.335,
        0.13025,
        0.14625,
        0.0195,
        0.511,
        0.4445,
        0.41275,
        0.16875,
        0.35225,
        0.11275,
        0.08225,
        0.00375,
        0.26875,
        0.05375,
        0.035,
        0.00125,
        0.0215,
        0.00025,
        0.0,
        0.0
      ],
      "elapsed": 20.322066068649292,
      "done": true
    },
    "15": {
      "a": 15,
      "R_U": 14.568616145110363,
      "R_V": 11.787552194988487,
      "R_tot": 26.35616834009885,
      "abs_diff": 2.781063950121876,
      "peU": [
        0.49475,
        0.4945,
        0.50625,
        0.4855,
        0.49,
        0.49175,
        0.4895,
        0.3935,
        0.48825,
        0.494,
        0.4785,
        0.353,
        0.46025,
        0.297,
        0.2595,
        0.00025,
        0.36525,
        0.14075,
        0.112,
        0.012,
        0.07325,
        0.006,
        0.0025,
        0.0,
        0.0315,
        0.002,
        0.00025,
        0.0,
        0.00125,
        0.0,
        0.0,
        0.0
      ],
      "peV": [
        0.50925,
        0.51075,
        0.507,
        0.466,
        0.49125,
        0.474,
        0.456,
        0.308,
        0.4915,
        0.4075,
        0.35825,
        0.1715,
        0.295,
        0.10425,
        0.0635,
        0.012,
        0.4975,
        0.4425,
        0.41175,
        0.174,
        0.35375,
        0.11975,
        0.071,
        0.00325,
        0.256,
        0.05025,
        0.0315,
        0.00175,
        0.018,
        0.00025,
        0.0,
        0.0
      ],
      "elapsed": 19.870887994766235,
      "done": true
    },
    "16": {
      "a": 16,
      "R_U": 14.150773863052475,
      "R_V": 11.911634615135874,
      "R_tot": 26.06240847818835,