{
  "N": 128,
  "path": "interleaved_0101",
  "k_u": 36,
  "k_v": 36,
  "bler": 0.7012,
  "errs": 1753,
  "n_cw": 2500,
  "max_pe_u": 0.00625,
  "max_pe_v": 0.00025,
  "R_U": 49.34261437081863,
  "R_V": 58.40584356909015,
  "R_tot": 107.74845793990877
}