{
  "phase": "L4",
  "decoder": "MA-AGN whitened-SCT N=1024",
  "alpha": 0.5,
  "sigma2_eff": 0.1883914823632185,
  "h_equiv": -0.5,
  "N": 1024,
  "ku": 239,
  "kv": 467,
  "n_design": 10000,
  "design_time_s": 1969.3802528381348,
  "Au": [
    256,
    380,
    383,
    384,
    432,
    440,
    444,
    446,
    447,
    448,
    464,
    470,
    471,
    472,
    475,
    476,
    478,
    479,
    480,
    486,
    487,
    488,
    490,
    491,
    492,
    494,
    495,
    496,
    498,
    500,
    502,
    503,
    504,
    506,
    507,
    508,
    510,
    511,
    512,
    608,
    624,
    632,
    634,
    635,
    636,
    638,
    639,
    640,
    672,
    684,
    687,
    688,
    692,
    694,
    695,
    696,
    698,
    699,
    700,
    702,
    703,
    704,
    712,
    716,
    718,
    719,
    720,
    724,
    726,
    727,
    728,
    730,
    731,
    732,
    734,
    735,
    736,
    740,
    742,
    743,
    744,
    746,
    747,
    748,
    750,
    751,
    752,
    754,
    756,
    758,
    759,
    760,
    762,
    763,
    764,
    766,
    767,
    768,
    796,
    798,
    799,
    800,
    808,
    812,
    814,
    815,
    816,
    820,
    822,
    823,
    824,
    826,
    827,
    828,
    830,
    831,
    832,
    840,
    844,
    846,
    847,
    848,
    850,
    852,
    854,
    855,
    856,
    858,
    859,
    860,
    862,
    863,
    864,
    866,
    868,
    870,
    871,
    872,
    874,
    875,
    876,
    878,
    879,
    880,
    882,
    884,
    886,
    887,
    888,
    890,
    891,
    892,
    894,
    895,
    896,
    904,
    906,
    907,
    908,
    910,
    911,
    912,
    914,
    916,
    918,
    919,
    920,
    922,
    923,
    924,
    926,
    927,
    928,
    930,
    932,
    934,
    935,
    936,
    938,
    939,
    940,
    942,
    943,
    944,
    946,
    948,
    950,
    951,
    952,
    954,
    955,
    956,
    958,
    959,
    960,
    962,
    964,
    966,
    967,
    968,
    970,
    971,
    972,
    974,
    975,
    976,
    978,
    980,
    982,
    983,
    984,
    986,
    987,
    988,
    990,
    991,
    992,
    994,
    996,
    998,
    999,
    1000,
    1002,
    1003,
    1004,
    1006,
    1007,
    1008,
    1010,
    1012,
    1014,
    1015,
    1016,
    1018,
    1019,
    1020,
    1022,
    1023,
    1024
  ],
  "Av": [
    32,
    44,
    46,
    48,
    52,
    54,
    56,
    58,
    60,
    62,
    64,
    72,
    76,
    78,
    80,
    84,
    86,
    88,
    90,
    92,
    94,
    96,
    100,
    102,
    104,
    106,
    108,
    110,
    112,
    114,
    116,
    118,
    120,
    122,
    124,
    126,
    128,
    136,
    140,
    142,
    144,
    148,
    150,
    152,
    154,
    156,
    158,
    160,
    164,
    166,
    168,
    170,
    172,
    174,
    176,
    178,
    180,
    182,
    184,
    186,
    188,
    190,
    192,
    196,
    198,
    200,
    202,
    204,
    206,
    208,
    210,
    212,
    214,
    216,
    218,
    220,
    222,
    224,
    226,
    228,
    230,
    232,
    234,
    236,
    238,
    240,
    242,
    244,
    246,
    248,
    250,
    252,
    254,
    255,
    256,
    264,
    268,
    270,
    272,
    276,
    278,
    280,
    282,
    284,
    286,
    288,
    292,
    294,
    296,
    298,
    300,
    302,
    304,
    306,
    308,
    310,
    312,
    314,
    316,
    318,
    320,
    322,
    324,
    326,
    328,
    330,
    332,
    334,
    336,
    338,
    340,
    342,
    344,
    346,
    348,
    350,
    352,
    354,
    356,
    358,
    360,
    362,
    364,
    366,
    368,
    370,
    372,
    374,
    376,
    378,
    380,
    382,
    383,
    384,
    386,
    388,
    390,
    392,
    394,
    396,
    398,
    400,
    402,
    404,
    406,
    408,
    410,
    412,
    414,
    416,
    418,
    420,
    422,
    424,
    426,
    428,
    430,
    432,
    434,
    436,
    438,
    440,
    442,
    444,
    446,
    448,
    450,
    452,
    454,
    456,
    458,
    460,
    462,
    464,
    466,
    468,
    470,
    472,
    474,
    476,
    478,
    480,
    482,
    484,
    486,
    488,
    490,
    492,
    494,
    496,
    498,
    500,
    502,
    504,
    506,
    508,
    510,
    511,
    512,
    526,
    528,
    534,
    536,
    538,
    540,
    542,
    544,
    548,
    550,
    552,
    554,
    556,
    558,
    560,
    562,
    564,
    566,
    568,
    570,
    572,
    574,
    576,
    580,
    582,
    584,
    586,
    588,
    590,
    592,
    594,
    596,
    598,
    600,
    602,
    604,
    606,
    608,
    610,
    612,
    614,
    616,
    618,
    620,
    622,
    624,
    626,
    628,
    630,
    632,
    634,
    636,
    638,
    639,
    640,
    644,
    646,
    648,
    650,
    652,
    654,
    656,
    658,
    660,
    662,
    664,
    666,
    668,
    670,
    672,
    674,
    676,
    678,
    680,
    682,
    684,
    686,
    688,
    690,
    692,
    694,
    696,
    698,
    700,
    702,
    704,
    706,
    708,
    710,
    712,
    714,
    716,
    718,
    720,
    722,
    724,
    726,
    728,
    730,
    732,
    734,
    736,
    738,
    740,
    742,
    744,
    746,
    748,
    750,
    752,
    754,
    756,
    758,
    760,
    762,
    764,
    766,
    767,
    768,
    772,
    774,
    776,
    778,
    780,
    782,
    784,
    786,
    788,
    790,
    792,
    794,
    796,
    798,
    800,
    802,
    804,
    806,
    808,
    810,
    812,
    814,
    816,
    818,
    820,
    822,
    824,
    826,
    828,
    830,
    832,
    834,
    836,
    838,
    840,
    842,
    844,
    846,
    848,
    850,
    852,
    854,
    856,
    858,
    860,
    862,
    864,
    866,
    868,
    870,
    872,
    874,
    876,
    878,
    880,
    882,
    884,
    886,
    888,
    890,
    892,
    894,
    895,
    896,
    898,
    900,
    902,
    904,
    906,
    908,
    910,
    912,
    914,
    916,
    918,
    920,
    922,
    924,
    926,
    928,
    930,
    932,
    934,
    936,
    938,
    940,
    942,
    944,
    946,
    948,
    950,
    952,
    954,
    956,
    958,
    960,
    962,
    964,
    966,
    968,
    970,
    972,
    974,
    976,
    978,
    980,
    982,
    984,
    986,
    988,
    990,
    992,
    994,
    996,
    998,
    1000,
    1002,
    1004,
    1006,
    1008,
    1010,
    1012,
    1014,
    1016,
    1018,
    1020,
    1022,
    1023,
    1024
  ],
  "eval": {
    "n_cw": 5000,
    "errs": 15,
    "bler": 0.003,
    "elapsed_s": 276.4132821559906
  }
}