{
  "phase": "F2",
  "decoder": "4-state chained SCT SNR sweep",
  "channel": "ISI-MAC",
  "h": 0.3,
  "N": 128,
  "results": {
    "3": {
      "snr_db": 3,
      "sigma2": 0.5011872336272722,
      "N": 128,
      "ku": 30,
      "kv": 58,
      "n_design": 30000,
      "Au": [
        60,
        62,
        63,
        64,
        88,
        92,
        94,
        95,
        96,
        104,
        108,
        109,
        110,
        111,
        112,
        114,
        115,
        116,
        117,
        118,
        119,
        120,
        121,
        122,
        123,
        124,
        125,
        126,
        127,
        128
      ],
      "Av": [
        31,
        32,
        46,
        47,
        48,
        52,
        54,
        55,
        56,
        58,
        59,
        60,
        61,
        62,
        63,
        64,
        76,
        78,
        79,
        80,
        84,
        86,
        87,
        88,
        90,
        91,
        92,
        93,
        94,
        95,
        96,
        100,
        102,
        103,
        104,
        106,
        107,
        108,
        109,
        110,
        111,
        112,
        113,
        114,
        115,
        116,
        117,
        118,
        119,
        120,
        121,
        122,
        123,
        124,
        125,
        126,
        127,
        128
      ],
      "eval": {
        "bler": 0.0843,
        "errs": 843,
        "bler_u": 0.0721,
        "errs_u": 721,
        "bler_v": 0.081,
        "errs_v": 810,
        "n_cw": 10000
      }
    },
    "4": {
      "snr_db": 4,
      "sigma2": 0.3981071705534972,
      "N": 128,
      "ku": 30,
      "kv": 58,
      "n_design": 30000,
      "Au": [
        60,
        62,
        63,
        64,
        88,
        92,
        94,
        95,
        96,
        104,
        108,
        109,
        110,
        111,
        112,
        114,
        115,
        116,
        117,
        118,
        119,
        120,
        121,
        122,
        123,
        124,
        125,
        126,
        127,
        128
      ],
      "Av": [
        31,
        32,
        44,
        46,
        47,
        48,
        52,
        54,
        55,
        56,
        58,
        59,
        60,
        61,
        62,
        63,
        64,
        76,
        78,
        79,
        80,
        84,
        86,
        87,
        88,
        90,
        91,
        92,
        93,
        94,
        95,
        96,
        100,
        102,
        103,
        104,
        106,
        107,
        108,
        109,
        110,
        111,
        112,
        114,
        115,
        116,
        117,
        118,
        119,
        120,
        121,
        122,
        123,
        124,
        125,
        126,
        127,
        128
      ],
      "eval": {
        "bler": 0.0364,
        "errs": 364,
        "bler_u": 0.036,
        "errs_u": 360,
        "bler_v": 0.0351,
        "errs_v": 351,
        "n_cw": 10000
      }
    },
    "5": {
      "snr_db": 5,
      "sigma2": 0.31622776601683794,
      "N": 128,
      "ku": 30,
      "kv": 58,
      "n_design": 30000,
      "Au": [
        60,
        62,
        63,
        64,
        88,
        92,
        94,
        95,
        96,
        104,
        108,
        109,
        110,
        111,
        112,
        114,
        115,
        116,
        117,
        118,
        119,
        120,
        121,
        122,
        123,
        124,
        125,
        126,
        127,
        128
      ],
      "Av": [
        30,
        31,
        32,
        40,
        44,
        46,
        47,
        48,
        52,
        54,
        55,
        56,
        58,
        59,
        60,
        61,
        62,
        63,
        64,
        72,
        76,
        78,
        79,
        80,
        84,
        86,
        87,
        88,
        90,
        91,
        92,
        93,
        94,
        95,
        96,
        100,
        102,
        103,
        104,
        106,
        107,
        108,
        110,
        111,
        112,
        114,
        115,
        116,
        118,
        119,
        120,
        122,
        123,
        124,
        125,
        126,
        127,
        128
      ],
      "eval": {
        "bler": 0.0179,
        "errs": 179,
        "bler_u": 0.0179,
        "errs_u": 179,
        "bler_v": 0.0156,
        "errs_v": 156,
        "n_cw": 10000
      }
    },
    "6": {
      "snr_db": 6,
      "sigma2": 0.251188643150958,
      "N": 128,
      "ku": 30,
      "kv": 58,
      "n_design": 30000,
      "Au": [
        60,
        62,
        63,
        64,
        88,
        92,
        94,
        95,
        96,
        104,
        108,
        109,
        110,
        111,
        112,
        114,
        115,
        116,
        117,
        118,
        119,
        120,
        121,
        122,
        123,
        124,
        125,
        126,
        127,
        128
      ],
      "Av": [
        16,
        24,
        28,
        30,
        31,
        32,
        40,
        44,
        46,
        47,
        48,
        52,
        54,
        55,
        56,
        58,
        59,
        60,
        62,
        63,
        64,
        72,
        76,
        78,
        79,
        80,
        84,
        86,
        87,
        88,
        90,
        91,
        92,
        94,
        95,
        96,
        100,
        102,
        103,
        104,
        106,
        107,
        108,
        110,
        111,
        112,
        114,
        115,
        116,
        118,
        119,
        120,
        122,
        123,
        124,
        126,
        127,
        128
      ],
      "eval": {
        "bler": 0.0054,
        "errs": 54,
        "bler_u": 0.0054,
        "errs_u": 54,
        "bler_v": 0.0044,
        "errs_v": 44,
        "n_cw": 10000
      }
    },
    "7": {
      "snr_db": 7,
      "sigma2": 0.19952623149688797,
      "N": 128,
      "ku": 30,
      "kv": 58,
      "n_design": 30000,
      "Au": [
        62,
        63,
        64,
        88,
        92,
        94,
        95,
        96,
        104,
        107,
        108,
        109,
        110,
        111,
        112,
        114,
        115,
        116,
        117,
        118,
        119,
        120,
        121,
        122,
        123,
        124,
        125,
        126,
        127,
        128
      ],
      "Av": [
        15,
        16,
        24,
        26,
        28,
        30,
        31,
        32,
        38,
        40,
        42,
        44,
        46,
        47,
        48,
        50,
        52,
        54,
        55,
        56,
        58,
        60,
        62,
        63,
        64,
        70,
        72,
        76,
        78,
        79,
        80,
        84,
        86,
        88,
        90,
        92,
        94,
        95,
        96,
        98,
        100,
        102,
        104,
        106,
        108,
        110,
        111,
        112,
        114,
        116,
        118,
        119,
        120,
        122,
        124,
        126,
        127,
        128
      ],
      "eval": {
        "bler": 0.004,
        "errs": 40,
        "bler_u": 0.004,
        "errs_u": 40,
        "bler_v": 0.0033,
        "errs_v": 33,
        "n_cw": 10000
      }
    },
    "8": {
      "snr_db": 8,
      "sigma2": 0.15848931924611134,
      "N": 128,
      "ku": 30,
      "kv": 58,
      "n_design": 30000,