{
  "phase": "G3",
  "decoder": "MA-AGN whitened-SCT \u03b1 sweep",
  "channel": "MA-AGN",
  "snr_db": 6.0,
  "results": {
    "0.3": {
      "alpha": 0.3,
      "h_equiv": -0.3,
      "sigma2_eff": 0.2285816652673718,
      "by_N": {
        "128": {
          "N": 128,
          "ku": 30,
          "kv": 58,
          "n_design": 30000,
          "design_time_s": 158.4046289920807,
          "Au": [
            60,
            62,
            63,
            64,
            88,
            92,
            94,
            95,
            96,
            104,
            108,
            109,
            110,
            111,
            112,
            114,
            115,
            116,
            117,
            118,
            119,
            120,
            121,
            122,
            123,
            124,
            125,
            126,
            127,
            128
          ],
          "Av": [
            16,
            24,
            28,
            30,
            31,
            32,
            40,
            43,
            44,
            46,
            47,
            48,
            52,
            54,
            55,
            56,
            58,
            59,
            60,
            62,
            63,
            64,
            72,
            76,
            78,
            79,
            80,
            84,
            86,
            87,
            88,
            90,
            91,
            92,
            94,
            95,
            96,
            100,
            102,
            103,
            104,
            106,
            107,
            108,
            110,
            111,
            112,
            114,
            116,
            118,
            119,
            120,
            122,
            123,
            124,
            126,
            127,
            128
          ],
          "eval": {
            "n_cw": 10000,
            "errs": 60,
            "bler": 0.006,
            "elapsed_s": 74.17554807662964
          }
        },
        "256": {
          "N": 256,
          "ku": 59,
          "kv": 117,
          "n_design": 20000,
          "design_time_s": 219.6249840259552,
          "Au": [
            112,
            120,
            124,
            126,
            127,
            128,
            160,
            176,
            182,
            183,
            184,
            186,
            187,
            188,
            189,
            190,
            191,
            192,
            206,
            207,
            208,
            212,
            214,
            215,
            216,
            218,
            219,
            220,
            221,
            222,
            223,
            224,
            228,
            230,
            231,
            232,
            234,
            235,
            236,
            237,
            238,
            239,
            240,
            241,
            242,
            243,
            244,
            245,
            246,
            247,
            248,
            249,
            250,
            251,
            252,
            253,
            254,
            255,
            256
          ],
          "Av": [
            24,
            28,
            30,
            31,
            32,
            40,
            44,
            46,
            47,
            48,
            52,
            54,
            55,
            56,
            58,
            60,
            62,
            63,
            64,
            72,
            76,
            78,
            79,
            80,
            84,
            86,
            88,
            90,
            92,
            94,
            95,
            96,
            100,
            102,
            104,
            106,
            108,
            110,
            111,
            112,
            114,
            116,
            118,
            119,
            120,
            122,
            124,
            126,
            127,
            128,
            136,
            140,
            142,
            143,
            144,
            148,
            150,
            152,
            154,
            156,
            158,
            159,
            160,
            164,
            166,
            168,
            170,
            172,
            174,
            175,
            176,
            178,
            180,
            182,
            183,
            184,
            186,
            188,
            190,
            191,
            192,
            196,
            198,
            200,
            202,
            204,
            206,
            207,
            208,
            210,
            212,
            214,
            216,
            218,
            220,
            222,
            223,
            224,
            226,
            228,
            230,
            232,
            234,
            236,
            238,
            239,
            240,
            242,
            244,
            246,
            247,
            248,
            250,
            252,
            254,
            255,
            256
          ],
          "eval": {
            "n_cw": 10000,
            "errs": 9,
            "bler": 0.0009,
            "elapsed_s": 143.82968282699585
          }
        }
      }
    },
    "0.7": {
      "alpha": 0.7,
      "h_equiv": -0.7,
      "sigma2_eff": 0.12810620800698858,
      "by_N": {
        "128": {
          "N": 128,
          "ku": 30,
          "kv": 58,
          "n_design": 30000,
          "design_time_s": 164.13336300849915,
          "Au": [
            60,
            62,
            63,
            64,
            88,
            92,
            94,
            95,
            96,
            104,
            108,
            109,
            110,
            111,
            112,
            114,
            115,
            116,
            117,
            118,
            119,
            120,
            121,
            122,
            123,
            124,
            125,
            126,
            127,
            128
          ],
          "Av": [
            8,
            12,
            14,
            16,
            20,
            22,
            24,
            26,
            28,
            30,
            31,
            32,
            36,
            38,
            40,
            42,
            44,
            46,
            48,
            50,
            52,
            54,
            56,
            58,
            60,
            62,
            63,
            64,
            68,
            72,
            74,
            76,
            78,
            80,
            84,
            86,
            88,
            90,
            92,
            94,
            95,
            96,
            100,
            102,
            104,
            106,
            108,
            110,
            112,
            114,
            116,
            118,
            120,
            122,
            124,
            126,
            127,
            128
          ],
          "eval": {
            "n_cw": 10000,
            "errs": 58,
            "bler": 0.0058,
            "elapsed_s": 71.7247622013092
          }
        },
        "256": {
          "N": 256,
          "ku": 59,
          "kv": 117,
          "n_design": 20000,
          "design_time_s": 222.20351004600525,