{
  "phase": "E2",
  "decoder": "MA-AGN whitened-SCT",
  "channel": "MA-AGN",
  "alpha": 0.5,
  "snr_db": 6.0,
  "h_equiv": -0.5,
  "sigma2_eff": 0.1883914823632185,
  "results": {
    "128": {
      "N": 128,
      "ku": 30,
      "kv": 58,
      "n_design": 30000,
      "design_time_s": 174.46449208259583,
      "Au": [
        60,
        62,
        63,
        64,
        88,
        92,
        94,
        95,
        96,
        104,
        108,
        109,
        110,
        111,
        112,
        114,
        115,
        116,
        117,
        118,
        119,
        120,
        121,
        122,
        123,
        124,
        125,
        126,
        127,
        128
      ],
      "Av": [
        14,
        15,
        16,
        22,
        24,
        26,
        28,
        30,
        31,
        32,
        36,
        38,
        40,
        42,
        44,
        46,
        47,
        48,
        52,
        54,
        56,
        58,
        60,
        62,
        63,
        64,
        72,
        76,
        78,
        79,
        80,
        82,
        84,
        86,
        88,
        90,
        92,
        94,
        95,
        96,
        100,
        102,
        104,
        106,
        108,
        110,
        111,
        112,
        114,
        116,
        118,
        119,
        120,
        122,
        124,
        126,
        127,
        128
      ],
      "eval": {
        "n_cw": 10000,
        "errs": 50,
        "bler": 0.005,
        "elapsed_s": 76.77931594848633
      }
    },
    "256": {
      "N": 256,
      "ku": 59,
      "kv": 117,
      "n_design": 20000,
      "design_time_s": 236.5803120136261,
      "Au": [
        112,
        120,
        124,
        126,
        127,
        128,
        160,
        176,
        180,
        182,
        183,
        184,
        186,
        187,
        188,
        189,
        190,
        191,
        192,
        206,
        207,
        208,
        212,
        214,
        215,
        216,
        218,
        219,
        220,
        221,
        222,
        223,
        224,
        228,
        230,
        231,
        232,
        234,
        235,
        236,
        237,
        238,
        239,
        240,
        242,
        243,
        244,
        245,
        246,
        247,
        248,
        249,
        250,
        251,
        252,
        253,
        254,
        255,
        256
      ],
      "Av": [
        16,
        24,
        26,
        28,
        30,
        31,
        32,
        38,
        40,
        44,
        46,
        47,
        48,
        50,
        52,
        54,
        56,
        58,
        60,
        62,
        63,
        64,
        72,
        74,
        76,
        78,
        80,
        82,
        84,
        86,
        88,
        90,
        92,
        94,
        95,
        96,
        98,
        100,
        102,
        104,
        106,
        108,
        110,
        111,
        112,
        114,
        116,
        118,
        120,
        122,
        124,
        126,
        127,
        128,
        136,
        140,
        142,
        144,
        148,
        150,
        152,
        154,
        156,
        158,
        159,
        160,
        164,
        166,
        168,
        170,
        172,
        174,
        175,
        176,
        178,
        180,
        182,
        184,
        186,
        188,
        190,
        191,
        192,
        196,
        198,
        200,
        202,
        204,
        206,
        208,
        210,
        212,
        214,
        216,
        218,
        220,
        222,
        223,
        224,
        226,
        228,
        230,
        232,
        234,
        236,
        238,
        239,
        240,
        242,
        244,
        246,
        248,
        250,
        252,
        254,
        255,
        256
      ],
      "eval": {
        "n_cw": 10000,
        "errs": 13,
        "bler": 0.0013,
        "elapsed_s": 152.74034094810486
      }
    },
    "512": {
      "N": 512,
      "ku": 119,
      "kv": 233,
      "n_design": 10000,
      "design_time_s": 248.10432887077332,
      "Au": [
        192,
        223,
        224,
        236,
        239,
        240,
        244,
        246,
        247,
        248,
        250,
        251,
        252,
        253,
        254,
        255,
        256,
        316,
        318,
        319,
        320,
        344,
        348,
        350,
        351,
        352,
        360,
        364,
        366,
        367,
        368,
        370,
        371,
        372,
        374,
        375,
        376,
        378,
        379,
        380,
        381,
        382,
        383,
        384,
        400,
        408,
        411,
        412,
        414,
        415,
        416,
        422,
        423,
        424,
        426,
        427,
        428,
        430,
        431,
        432,
        434,
        435,
        436,
        438,
        439,
        440,
        442,
        443,
        444,
        446,
        447,
        448,
        452,
        454,
        455,
        456,
        458,
        459,
        460,
        462,
        463,
        464,
        466,
        467,
        468,
        470,
        471,
        472,
        474,
        475,
        476,
        478,
        479,
        480,
        482,
        483,
        484,
        486,
        487,
        488,
        490,
        491,
        492,
        494,
        495,
        496,
        498,
        499,
        500,
        502,
        503,
        504,
        506,
        507,
        508,
        509,
        510,
        511,
        512
      ],