{
  "phase": "I3",
  "decoder": "4-state chained SCT N=128 (100K design)",
  "channel": "ISI-MAC",
  "h": 0.3,
  "snr_db": 6.0,
  "N": 128,
  "ku": 30,
  "kv": 58,
  "n_design": 100000,
  "design_time_s": 549.8319318294525,
  "Au": [
    60,
    62,
    63,
    64,
    88,
    92,
    94,
    95,
    96,
    104,
    108,
    109,
    110,
    111,
    112,
    114,
    115,
    116,
    117,
    118,
    119,
    120,
    121,
    122,
    123,
    124,
    125,
    126,
    127,
    128
  ],
  "Av": [
    16,
    24,
    28,
    30,
    31,
    32,
    40,
    44,
    46,
    47,
    48,
    52,
    54,
    55,
    56,
    58,
    59,
    60,
    62,
    63,
    64,
    72,
    76,
    78,
    79,
    80,
    84,
    86,
    87,
    88,
    90,
    91,
    92,
    94,
    95,
    96,
    100,
    102,
    103,
    104,
    106,
    107,
    108,
    110,
    111,
    112,
    114,
    115,
    116,
    118,
    119,
    120,
    122,
    123,
    124,
    126,
    127,
    128
  ],
  "eval": {
    "bler": 0.0059,
    "errs": 177,
    "bler_u": 0.0059,
    "errs_u": 177,
    "bler_v": 0.005266666666666667,
    "errs_v": 158,
    "n_cw": 30000
  }
}