{
  "phase": "B2",
  "decoder": "4-state chained SCT",
  "channel": "ISI-MAC",
  "h": 0.3,
  "snr_db": 6.0,
  "results": {
    "16": {
      "N": 16,
      "ku": 4,
      "kv": 7,
      "n_design": 50000,
      "design_time_s": 33.585521936416626,
      "Au": [
        12,
        14,
        15,
        16
      ],
      "Av": [
        7,
        8,
        12,
        13,
        14,
        15,
        16
      ],
      "eval": {
        "bler": 0.14996666666666666,
        "errs": 4499,
        "bler_u": 0.14833333333333334,
        "errs_u": 4450,
        "bler_v": 0.1497,
        "errs_v": 4491,
        "n_cw": 30000
      }
    },
    "32": {
      "N": 32,
      "ku": 7,
      "kv": 15,
      "n_design": 50000,
      "design_time_s": 70.20987820625305,
      "Au": [
        16,
        24,
        28,
        29,
        30,
        31,
        32
      ],
      "Av": [
        8,
        12,
        14,
        15,
        16,
        22,
        23,
        24,
        26,
        27,
        28,
        29,
        30,
        31,
        32
      ],
      "eval": {
        "bler": 0.0526,
        "errs": 1578,
        "bler_u": 0.0525,
        "errs_u": 1575,
        "bler_v": 0.052533333333333335,
        "errs_v": 1576,
        "n_cw": 30000
      }
    },
    "64": {
      "N": 64,
      "ku": 15,
      "kv": 29,
      "n_design": 50000,
      "design_time_s": 141.22735905647278,
      "Au": [
        32,
        46,
        47,
        48,
        52,
        54,
        55,
        56,
        58,
        59,
        60,
        61,
        62,
        63,
        64
      ],
      "Av": [
        16,
        23,
        24,
        26,
        28,
        29,
        30,
        31,
        32,
        39,
        40,
        42,
        44,
        46,
        47,
        48,
        52,
        53,
        54,
        55,
        56,
        57,
        58,
        59,
        60,
        61,
        62,
        63,
        64
      ],
      "eval": {
        "bler": 0.028533333333333334,
        "errs": 856,
        "bler_u": 0.028433333333333335,
        "errs_u": 853,
        "bler_v": 0.028466666666666668,
        "errs_v": 854,
        "n_cw": 30000
      }
    }
  }
}