{
  "4.0dB": {
    "snr_db": 4.0,
    "sigma2": 0.3981071705534972,
    "bler": 0.216,
    "errs": 432,
    "n_cw": 2000,
    "done": true
  },
  "5.0dB": {
    "snr_db": 5.0,
    "sigma2": 0.31622776601683794,
    "bler": 0.197,
    "errs": 394,
    "n_cw": 2000,
    "done": true
  },
  "7.0dB": {
    "snr_db": 7.0,
    "sigma2": 0.19952623149688797,
    "bler": 0.1635,
    "errs": 327,
    "n_cw": 2000,
    "done": true
  },
  "8.0dB": {
    "snr_db": 8.0,
    "sigma2": 0.15848931924611134,
    "bler": 0.1405,
    "errs": 281,
    "n_cw": 2000,
    "done": true
  }
}