{
  "4.0dB": {
    "snr_db": 4.0,
    "sigma2": 0.3981071705534972,
    "N": 512,
    "bler": 0.11,
    "errs": 88,
    "n_cw": 800,
    "done": true
  },
  "5.0dB": {
    "snr_db": 5.0,
    "sigma2": 0.31622776601683794,
    "N": 512,
    "bler": 0.0975,
    "errs": 78,
    "n_cw": 800,
    "done": true
  },
  "7.0dB": {
    "snr_db": 7.0,
    "sigma2": 0.19952623149688797,
    "N": 512,
    "bler": 0.08,
    "errs": 64,
    "n_cw": 800,
    "done": true
  },
  "8.0dB": {
    "snr_db": 8.0,
    "sigma2": 0.15848931924611134,
    "N": 512,
    "bler": 0.07625,
    "errs": 61,
    "n_cw": 800,
    "done": true
  }
}