{
  "4.0dB": {
    "snr_db": 4.0,
    "sigma2": 0.3981071705534972,
    "N": 1024,
    "bler": 0.0225,
    "errs": 9,
    "n_cw": 400,
    "done": true
  },
  "7.0dB": {
    "snr_db": 7.0,
    "sigma2": 0.19952623149688797,
    "N": 1024,
    "bler": 0.01,
    "errs": 4,
    "n_cw": 400,
    "done": true
  },
  "8.0dB": {
    "snr_db": 8.0,
    "sigma2": 0.15848931924611134,
    "N": 1024,
    "bler": 0.02,
    "errs": 8,
    "n_cw": 400,
    "done": true
  }
}