{
  "4.0dB": {
    "snr_db": 4.0,
    "sigma2": 0.3981071705534972,
    "N": 256,
    "bler": 0.17066666666666666,
    "errs": 256,
    "n_cw": 1500,
    "done": true
  },
  "5.0dB": {
    "snr_db": 5.0,
    "sigma2": 0.31622776601683794,
    "N": 256,
    "bler": 0.13466666666666666,
    "errs": 202,
    "n_cw": 1500,
    "done": true
  },
  "7.0dB": {
    "snr_db": 7.0,
    "sigma2": 0.19952623149688797,
    "N": 256,
    "bler": 0.08866666666666667,
    "errs": 133,
    "n_cw": 1500,
    "done": true
  },
  "8.0dB": {
    "snr_db": 8.0,
    "sigma2": 0.15848931924611134,
    "N": 256,
    "bler": 0.051333333333333335,
    "errs": 77,
    "n_cw": 1500,
    "done": true
  }
}