{
  "4.0dB": {
    "snr_db": 4.0,
    "sigma2": 0.3981071705534972,
    "N": 64,
    "bler": 0.2028,
    "errs": 507,
    "n_cw": 2500,
    "done": true
  },
  "5.0dB": {
    "snr_db": 5.0,
    "sigma2": 0.31622776601683794,
    "N": 64,
    "bler": 0.1868,
    "errs": 467,
    "n_cw": 2500,
    "done": true
  },
  "7.0dB": {
    "snr_db": 7.0,
    "sigma2": 0.19952623149688797,
    "N": 64,
    "bler": 0.0832,
    "errs": 208,
    "n_cw": 2500,
    "done": true
  },
  "8.0dB": {
    "snr_db": 8.0,
    "sigma2": 0.15848931924611134,
    "N": 64,
    "bler": 0.0824,
    "errs": 206,
    "n_cw": 2500,
    "done": true
  }
}