{
  "S256": {
    "N": 256,
    "ku": 59,
    "kv": 117,
    "Au": [
      112,
      120,
      124,
      126,
      127,
      128,
      160,
      176,
      182,
      183,
      184,
      186,
      187,
      188,
      189,
      190,
      191,
      192,
      206,
      207,
      208,
      212,
      214,
      215,
      216,
      218,
      219,
      220,
      221,
      222,
      223,
      224,
      228,
      230,
      231,
      232,
      234,
      235,
      236,
      237,
      238,
      239,
      240,
      241,
      242,
      243,
      244,
      245,
      246,
      247,
      248,
      249,
      250,
      251,
      252,
      253,
      254,
      255,
      256
    ],
    "Av": [
      30,
      32,
      44,
      46,
      47,
      48,
      52,
      55,
      56,
      58,
      60,
      62,
      63,
      64,
      72,
      76,
      78,
      79,
      80,
      84,
      86,
      87,
      88,
      90,
      92,
      94,
      95,
      96,
      100,
      102,
      103,
      104,
      106,
      108,
      110,
      111,
      112,
      114,
      116,
      118,
      119,
      120,
      122,
      124,
      126,
      127,
      128,
      136,
      140,
      142,
      143,
      144,
      148,
      150,
      151,
      152,
      154,
      156,
      158,
      159,
      160,
      164,
      166,
      168,
      170,
      172,
      174,
      175,
      176,
      178,
      180,
      182,
      183,
      184,
      186,
      188,
      190,
      191,
      192,
      196,
      198,
      200,
      202,
      204,
      206,
      207,
      208,
      210,
      212,
      214,
      215,
      216,
      218,
      220,
      222,
      223,
      224,
      226,
      228,
      230,
      231,
      232,
      234,
      236,
      238,
      239,
      240,
      242,
      244,
      246,
      247,
      248,
      250,
      252,
      254,
      255,
      256
    ],
    "n_design": 50000,
    "design_time_s": 539.9851360321045,
    "n_cw": 50000,
    "errs": 66,
    "bler": 0.00132,
    "eval_time_s": 670.2961699962616,
    "done": true
  },
  "S512": {
    "N": 512,
    "ku": 119,
    "kv": 233,
    "Au": [
      224,
      238,
      239,
      240,
      244,
      246,
      248,
      250,
      251,
      252,
      253,
      254,
      255,
      256,
      320,
      348,
      350,
      351,
      352,
      360,
      364,
      366,
      367,
      368,
      372,
      374,
      375,
      376,
      378,
      379,
      380,
      381,
      382,
      383,
      384,
      400,
      408,
      412,
      414,
      415,
      416,
      424,
      427,
      428,
      430,
      431,
      432,
      434,
      435,
      436,
      437,
      438,
      439,
      440,
      441,
      442,
      443,
      444,
      445,
      446,
      447,
      448,
      452,
      454,
      455,
      456,
      458,
      459,
      460,
      461,
      462,
      463,
      464,
      466,
      467,
      468,
      469,
      470,
      471,
      472,
      473,
      474,
      475,
      476,
      477,
      478,
      479,
      480,
      482,
      483,
      484,
      485,
      486,
      487,
      488,
      489,
      490,
      491,
      492,
      493,
      494,
      495,
      496,
      497,
      498,
      499,
      500,
      501,
      502,
      503,
      504,
      505,
      506,
      507,
      508,
      509,
      510,
      511,
      512
    ],
    "Av": [
      48,
      56,
      60,
      62,
      63,
      64,
      80,
      88,
      92,
      94,
      95,
      96,
      100,
      102,
      104,
      106,
      108,
      110,
      111,
      112,
      114,
      116,
      118,
      119,
      120,
      122,
      124,
      126,
      127,
      128,
      143,
      144,
      148,
      150,
      152,
      154,
      156,
      158,
      159,
      160,
      164,
      166,
      168,
      170,
      172,
      174,
      175,
      176,
      178,
      180,
      182,
      183,
      184,
      186,
      188,
      190,
      191,
      192,
      196,
      198,
      200,
      202,
      204,
      206,
      207,
      208,
      210,
      212,
      214,
      215,
      216,
      218,
      220,
      222,
      223,
      224,
      226,
      228,
      230,
      232,
      234,
      236,
      238,
      239,
      240,
      242,
      244,
      246,
      247,
      248,
      250,
      252,
      254,
      255,
      256,
      270,
      271,
      272,
      276,
      280,
      282,
      284,
      286,
      287,
      288,
      292,
      294,
      296,
      298,
      300,
      302,
      303,
      304,
      306,
      308,
      310,
      311,
      312,
      314,
      316,
      318,
      319,
      320,
      324,
      326,
      328,
      330,
      332,
      334,
      335,
      336,
      338,
      340,
      342,
      344,
      346,
      348,
      350,
      351,
      352,
      354,
      356,
      358,
      360,
      362,
      364,
      366,
      367,
      368,
      370,
      372,
      374,
      375,
      376,
      378,
      380,
      382,
      383,
      384,
      388,
      390,
      392,
      394,
      396,
      398,
      399,
      400,
      402,
      404,
      406,
      408,
      410,
      412,
      414,
      415,
      416,
      418,
      420,
      422,
      424,
      426,
      428,
      430,
      431,
      432,
      434,
      436,
      438,
      439,
      440,
      442,
      444,
      446,
      447,
      448,
      450,
      452,
      454,
      456,
      458,
      460,
      462,
      463,
      464,
      466,
      468,
      470,
      471,
      472,
      474,
      476,
      478,
      479,
      480,
      482,
      484,
      486,
      488,
      490,
      492,
      494,
      495,
      496,
      498,
      500,
      502,
      503,
      504,
      506,
      508,
      510,
      511,
      512
    ],
    "n_design": 50000,
    "design_time_s": 1356.9776651859283,
    "n_cw": 80000,
    "errs": 27,
    "bler": 0.0003375,
    "eval_time_s": 2341.030117750168,
    "done": true
  },
  "N512": {
    "N": 512,
    "ku": 119,
    "kv": 233,
    "ckpt": "/tmp/ncg_intermediate/ncg_n512_15k_final.pt",
    "n_cw": 30000,
    "errs": 35,
    "bler": 0.0011666666666666668,
    "elapsed_s": 5238.33944606781,
    "done": true
  }
}