{
  "32": {
    "N": 32,
    "ku": 16,
    "kv": 22,
    "L4": {
      "channel": "bemac",
      "N": 32,
      "ku": 16,
      "kv": 22,
      "L": 4,
      "n_cw": 1500,
      "time_s": 105.8,
      "bler_scl": 0.011333333333333334,
      "crc_positions": [
        25,
        26,
        27,
        28,
        29,
        30,
        31,
        32
      ],
      "bler_crc_scl": 0.0
    },
    "L8": {
      "channel": "bemac",
      "N": 32,
      "ku": 16,
      "kv": 22,
      "L": 8,
      "n_cw": 1000,
      "time_s": 134.0,
      "bler_scl": 0.012,
      "crc_positions": [
        25,
        26,
        27,
        28,
        29,
        30,
        31,
        32
      ],
      "bler_crc_scl": 0.0
    },
    "L16": {
      "channel": "bemac",
      "N": 32,
      "ku": 16,
      "kv": 22,
      "L": 16,
      "n_cw": 700,
      "time_s": 185.2,
      "bler_scl": 0.011428571428571429,
      "crc_positions": [
        25,
        26,
        27,
        28,
        29,
        30,
        31,
        32
      ],
      "bler_crc_scl": 0.0
    }
  },
  "64": {
    "N": 64,
    "ku": 32,
    "kv": 44,
    "L4": {
      "channel": "bemac",
      "N": 64,
      "ku": 32,
      "kv": 44,
      "L": 4,
      "n_cw": 1000,
      "time_s": 174.8,
      "bler_scl": 0.0,
      "crc_positions": [
        57,
        58,
        59,
        60,
        61,
        62,
        63,
        64
      ],
      "bler_crc_scl": 0.0
    },
    "L8": {
      "channel": "bemac",
      "N": 64,
      "ku": 32,
      "kv": 44,
      "L": 8,
      "n_cw": 600,
      "time_s": 211.6,
      "bler_scl": 0.0,
      "crc_positions": [
        57,
        58,
        59,
        60,
        61,
        62,
        63,
        64
      ],
      "bler_crc_scl": 0.0
    },
    "L16": {
      "channel": "bemac",
      "N": 64,
      "ku": 32,
      "kv": 44,
      "L": 16,
      "n_cw": 400,
      "time_s": 271.3,
      "bler_scl": 0.0,
      "crc_positions": [
        57,
        58,
        59,
        60,
        61,
        62,
        63,
        64
      ],
      "bler_crc_scl": 0.0
    }
  },
  "128": {
    "N": 128,
    "ku": 64,
    "kv": 89,
    "L4": {
      "channel": "bemac",
      "N": 128,
      "ku": 64,
      "kv": 89,
      "L": 4,
      "n_cw": 500,
      "time_s": 252.2,
      "bler_scl": 0.0,
      "crc_positions": [
        120,
        121,
        122,
        123,
        124,
        125,
        126,
        128
      ],
      "bler_crc_scl": 0.0
    },
    "L8": {
      "channel": "bemac",
      "N": 128,
      "ku": 64,
      "kv": 89,
      "L": 8,
      "n_cw": 300,
      "time_s": 305.5,
      "bler_scl": 0.0,
      "crc_positions": [
        120,
        121,
        122,
        123,
        124,
        125,
        126,
        128
      ],
      "bler_crc_scl": 0.0
    },
    "L16": {
      "channel": "bemac",
      "N": 128,
      "ku": 64,
      "kv": 89,
      "L": 16,
      "n_cw": 200,
      "time_s": 430.7,
      "bler_scl": 0.0,
      "crc_positions": [
        120,
        121,
        122,
        123,
        124,
        125,
        126,
        128
      ],
      "bler_crc_scl": 0.0
    }
  }
}