{
  "64": {
    "pe_rate1": [
      0.49625,
      0.5016,
      0.503,
      0.504,
      0.49955,
      0.50625,
      0.49775,
      0.4994,
      0.49595,
      0.50955,
      0.494,
      0.49715,
      0.49825,
      0.50395,
      0.4972,
      0.5031,
      0.4972,
      0.4959,
      0.50225,
      0.50165,
      0.4977,
      0.4986,
      0.50405,
      0.49635,
      0.50235,
      0.49275,
      0.50605,
      0.49985,
      0.49755,
      0.5026,
      0.4898,
      0.4734,
      0.4957,
      0.4993,
      0.4968,
      0.4988,
      0.5042,
      0.5024,
      0.49975,
      0.4946,
      0.498,
      0.50385,
      0.4974,
      0.4907,
      0.5027,
      0.4942,
      0.4885,
      0.4511,
      0.4955,
      0.49475,
      0.49815,
      0.49515,
      0.49865,
      0.4927,
      0.4989,
      0.4523,
      0.49675,
      0.49395,
      0.49525,
      0.44795,
      0.48585,
      0.44145,
      0.4333,
      0.3463
    ],
    "pe_actual": [
      0.0,
      0.0,
      0.0,
      0.0,
      0.0,
      0.0,
      0.0,
      0.0,
      0.0,
      0.0,
      0.0,
      0.0,
      0.0,
      0.0,
      0.0,
      0.0,
      0.0,
      0.0,
      0.0,
      0.0,
      0.0,
      0.0,
      0.0,
      0.0,
      0.0,
      0.0,
      0.0,
      0.0,
      0.0,
      0.0,
      0.0,
      0.008,
      0.0,
      0.0,
      0.0,
      0.0,
      0.0,
      0.0,
      0.0,
      0.0,
      0.0,
      0.0,
      0.0,
      0.0,
      0.0,
      0.11445,
      0.11745,
      0.08835,
      0.0,
      0.0,
      0.0,
      0.10265,
      0.0,
      0.1176,
      0.121,
      0.09965,
      0.0,
      0.13615,
      0.14445,
      0.11165,
      0.21705,
      0.1284,
      0.13635,
      0.08295
    ],
    "gmac_pe_u": [
      0.501071257918831,
      0.4957689165651926,
      0.50016184472155,
      0.5026897051343311,
      0.49723322595064506,
      0.501333292229912,
      0.5009941890038072,
      0.4830987869352775,
      0.5023506019082263,
      0.49985356906145473,
      0.5003930514666215,
      0.4728023798880959,
      0.5011945681828691,
      0.45079149775729455,
      0.4230621021317262,
      0.1892812552984879,
      0.5019498435501025,
      0.500100189589531,
      0.49681705380951646,
      0.4346070256022936,
      0.493857607472602,
      0.3932672595835196,
      0.34579280792885,
      0.10467500038534458,
      0.4785054795998582,
      0.31448741464617663,
      0.2585970374709065,
      0.05066510473665552,
      0.18655301570664487,
      0.02395301878940148,
      0.01407278388334849,
      0.00012331026403810286,
      0.50080922360775,
      0.48971129984432077,
      0.48302171802025373,
      0.3346640565994112,
      0.4683477965997195,
      0.2682152380658785,
      0.20598979607565085,
      0.031474944895725755,
      0.41410669420595897,
      0.17622578109345377,
      0.12648550333708403,
      0.010558441358262559,
      0.07819412118316198,
      0.004192548977295498,
      0.002173343403671563,
      0.0,
      0.33290688533686824,
      0.09243645667956286,
      0.06096151178383711,
      0.002497032846771583,
      0.03515883903386408,
      0.0007244478012238543,
      0.00041617214112859717,
      0.0,
      0.017648781540453472,
      0.0002466205280762057,
      0.00010789648103334002,
      0.0,
      9.248269802857716e-05,
      0.0,
      0.0,
      0.0
    ],
    "ku": 15,
    "overlap": 11,
    "overlap_pct": 73.33333333333333,
    "spearman_corr": 0.5599606489212055,
    "isi_only_0idx": [
      10,
      25,
      30,
      43
    ],
    "gmac_only_0idx": [
      45,
      51,
      54,
      58
    ]
  },
  "128": {
    "pe_rate1": [
      0.5026,
      0.5015,
      0.5071,
      0.4981,
      0.5031,
      0.5076,
      0.5003,
      0.4991,
      0.493,
      0.5066,
      0.4975,
      0.4985,
      0.4944,
      0.5053,
      0.4999,
      0.5008,
      0.4951,
      0.4999,
      0.5044,
      0.5015,
      0.4968,
      0.492,
      0.5001,
      0.4953,
      0.4999,
      0.4906,
      0.5061,
      0.4996,
      0.4995,
      0.5007,
      0.4881,
      0.5037,
      0.4928,
      0.4926,
      0.4993,
      0.5002,
      0.5015,
      0.5034,
      0.501,
      0.4927,
      0.4994,
      0.5046,
      0.5004,
      0.4989,
      0.5047,
      0.4897,
      0.4912,
      0.4962,
      0.4918,
      0.4962,
      0.4975,
      0.4881,
      0.4955,
      0.5021,
      0.5048,
      0.498,
      0.4972,
      0.5001,
      0.501,
      0.4987,
      0.5012,
      0.4938,
      0.4909,
      0.4909,
      0.4954,
      0.5025,
      0.498,
      0.5001,
      0.4953,
      0.5014,
      0.4952,
      0.4965,
      0.5059,
      0.4966,
      0.5007,
      0.4982,
      0.4954,
      0.5058,
      0.4994,
      0.5062,
      0.4923,
      0.502,
      0.5107,
      0.4987,
      0.5072,
      0.4891,
      0.4939,
      0.4932,
      0.4957,
      0.5018,
      0.5022,
      0.4918,
      0.4995,
      0.4966,
      0.4875,
      0.4799,
      0.5099,
      0.496,
      0.5049,
      0.4952,
      0.4997,
      0.4989,
      0.5125,
      0.5014,
      0.4958,
      0.5018,
      0.4983,
      0.5116,
      0.4961,
      0.507,
      0.4961,
      0.4847,
      0.5018,
      0.51,
      0.499,
      0.4968,
      0.5039,
      0.4991,
      0.5019,
      0.4764,
      0.5195,
      0.5054,
      0.4952,
      0.472,
      0.5003,
      0.4685,
      0.4601,
      0.4007
    ],
    "pe_actual": [
      0.0,
      0.0,
      0.0,
      0.0,
      0.0,
      0.0,
      0.0,
      0.0,
      0.0,
      0.0,
      0.0,
      0.0,
      0.0,
      0.0,
      0.0,
      0.0,
      0.0,
      0.0,
      0.0,
      0.0,
      0.0,
      0.0,
      0.0,
      0.0,
      0.0,
      0.0,
      0.0,
      0.0,
      0.0,
      0.0,
      0.0,
      0.0,
      0.0,
      0.0,
      0.0,
      0.0,
      0.0,
      0.0,
      0.0,
      0.0,
      0.0,
      0.0,
      0.0,
      0.0,
      0.0,
      0.0,
      0.0,
      0.0,
      0.0,
      0.0,
      0.0,
      0.0,
      0.0,
      0.0,
      0.0,
      0.0,
      0.0,
      0.0,
      0.0,
      0.0,
      0.0,
      0.1528,
      0.1624,
      0.1266,
      0.0,
      0.0,
      0.0,
      0.0,
      0.0,
      0.0,
      0.0,
      0.0,
      0.0,
      0.0,
      0.0,
      0.0,
      0.0,
      0.0,
      0.0,
      0.0,
      0.0,
      0.0,
      0.0,
      0.0,
      0.0,
      0.0,
      0.0,
      0.179,
      0.0,
      0.0,
      0.0,
      0.2027,
      0.0,
      0.2167,
      0.2167,
      0.207,
      0.0,
      0.0,
      0.0,
      0.0,
      0.0,
      0.0,
      0.0,
      0.1958,
      0.0,
      0.0,
      0.44,
      0.3097,
      0.4758,
      0.3264,
      0.3988,
      0.2776,
      0.0,
      0.431,
      0.4449,
      0.3646,
      0.471,
      0.3741,
      0.4003,
      0.2938,
      0.4835,
      0.373,
      0.4186,
      0.3174,
      0.446,
      0.3342,
      0.3451,
      0.2454
    ],