{
  "config": "chained_npd_isi_mac_N32",
  "N": 32,
  "channel": "ISIMAC h=0.3",
  "path": "class_c",
  "decoder": "chained_npd_bigru",
  "ku": 7,
  "kv": 15,
  "sweep": {
    "4": {
      "bler": 0.17733333333333334,
      "ci_lo": 0.15883534403086963,
      "ci_hi": 0.19747984235578175,
      "n_cw": 1500,
      "errs": 266,
      "time_s": 1.8,
      "sigma2": 0.3981071705534972
    },
    "5": {
      "bler": 0.12333333333333334,
      "ci_lo": 0.10764841501435479,
      "ci_hi": 0.14094266000312045,
      "n_cw": 1500,
      "errs": 185,
      "time_s": 1.82,
      "sigma2": 0.31622776601683794
    },
    "6": {
      "bler": 0.11066666666666666,
      "ci_lo": 0.09577399098800624,
      "ci_hi": 0.12754846531324252,
      "n_cw": 1500,
      "errs": 166,
      "time_s": 1.82,
      "sigma2": 0.251188643150958
    },
    "7": {
      "bler": 0.11,
      "ci_lo": 0.095150745330808,
      "ci_hi": 0.12684178366958673,
      "n_cw": 1500,
      "errs": 165,
      "time_s": 1.78,
      "sigma2": 0.19952623149688797
    },
    "8": {
      "bler": 0.094,
      "ci_lo": 0.08025102294884597,
      "ci_hi": 0.10982325083105214,
      "n_cw": 1500,
      "errs": 141,
      "time_s": 1.76,
      "sigma2": 0.15848931924611134
    }
  }
}