{
  "16": {
    "ku": 4,
    "kv": 7,
    "snr_results": {
      "4.0": {
        "npd": {
          "bler_total": 0.171,
          "bler_u": 0.129,
          "bler_v": 0.17,
          "n_cw": 1000,
          "time_s": 0.25957298278808594
        },
        "trellis_sc": {
          "bler_total": 0.162,
          "bler_u": 0.134,
          "bler_v": 0.162,
          "n_cw": 500,
          "time_s": 1.8937561511993408
        }
      },
      "5.0": {
        "npd": {
          "bler_total": 0.155,
          "bler_u": 0.129,
          "bler_v": 0.155,
          "n_cw": 1000,
          "time_s": 0.2302689552307129
        },
        "trellis_sc": {
          "bler_total": 0.148,
          "bler_u": 0.134,
          "bler_v": 0.148,
          "n_cw": 500,
          "time_s": 1.8744089603424072
        }
      },
      "6.0": {
        "npd": {
          "bler_total": 0.135,
          "bler_u": 0.129,
          "bler_v": 0.135,
          "n_cw": 1000,
          "time_s": 0.24843382835388184
        },
        "trellis_sc": {
          "bler_total": 0.136,
          "bler_u": 0.134,
          "bler_v": 0.136,
          "n_cw": 500,
          "time_s": 1.8694729804992676
        }
      },
      "7.0": {
        "npd": {
          "bler_total": 0.131,
          "bler_u": 0.129,
          "bler_v": 0.131,
          "n_cw": 1000,
          "time_s": 0.23961424827575684
        },
        "trellis_sc": {
          "bler_total": 0.134,
          "bler_u": 0.134,
          "bler_v": 0.134,
          "n_cw": 500,
          "time_s": 1.8769559860229492
        }
      },
      "8.0": {
        "npd": {
          "bler_total": 0.131,
          "bler_u": 0.13,
          "bler_v": 0.131,
          "n_cw": 1000,
          "time_s": 0.23299932479858398
        },
        "trellis_sc": {
          "bler_total": 0.136,
          "bler_u": 0.136,
          "bler_v": 0.136,
          "n_cw": 500,
          "time_s": 1.8731920719146729
        }
      }
    }
  },
  "32": {
    "ku": 7,
    "kv": 15,
    "snr_results": {
      "4.0": {
        "npd": {
          "bler_total": 0.122,
          "bler_u": 0.105,
          "bler_v": 0.111,
          "n_cw": 1000,
          "time_s": 0.45824718475341797
        },
        "trellis_sc": {
          "bler_total": 0.084,
          "bler_u": 0.08,
          "bler_v": 0.084,
          "n_cw": 500,
          "time_s": 3.822054862976074
        }
      },
      "5.0": {
        "npd": {
          "bler_total": 0.087,
          "bler_u": 0.082,
          "bler_v": 0.084,
          "n_cw": 1000,
          "time_s": 0.44977569580078125
        },
        "trellis_sc": {
          "bler_total": 0.074,
          "bler_u": 0.074,
          "bler_v": 0.074,
          "n_cw": 500,
          "time_s": 3.810455083847046
        }
      },
      "6.0": {
        "npd": {
          "bler_total": 0.072,
          "bler_u": 0.072,
          "bler_v": 0.069,
          "n_cw": 1000,
          "time_s": 0.45174407958984375
        },
        "trellis_sc": {
          "bler_total": 0.072,
          "bler_u": 0.072,
          "bler_v": 0.072,
          "n_cw": 500,
          "time_s": 3.8089258670806885
        }
      },
      "7.0": {
        "npd": {
          "bler_total": 0.064,
          "bler_u": 0.064,
          "bler_v": 0.062,
          "n_cw": 1000,
          "time_s": 0.44443702697753906
        },
        "trellis_sc": {
          "bler_total": 0.076,
          "bler_u": 0.076,
          "bler_v": 0.076,
          "n_cw": 500,
          "time_s": 3.797520875930786
        }
      },
      "8.0": {
        "npd": {
          "bler_total": 0.054,
          "bler_u": 0.054,
          "bler_v": 0.054,
          "n_cw": 1000,
          "time_s": 0.44756102561950684
        },
        "trellis_sc": {
          "bler_total": 0.076,
          "bler_u": 0.076,
          "bler_v": 0.076,
          "n_cw": 500,
          "time_s": 3.796781063079834
        }
      }
    }
  },
  "64": {
    "ku": 15,
    "kv": 29,
    "snr_results": {
      "4.0": {
        "npd": {
          "bler_total": 0.157,
          "bler_u": 0.103,
          "bler_v": 0.157,
          "n_cw": 1000,
          "time_s": 1.0133140087127686
        },
        "trellis_sc": {
          "bler_total": 0.09,
          "bler_u": 0.058,
          "bler_v": 0.09,
          "n_cw": 500,
          "time_s": 7.68735408782959
        }
      },
      "5.0": {
        "npd": {
          "bler_total": 0.076,
          "bler_u": 0.067,
          "bler_v": 0.076,
          "n_cw": 1000,
          "time_s": 1.010594129562378
        },
        "trellis_sc": {
          "bler_total": 0.04,
          "bler_u": 0.036,
          "bler_v": 0.04,
          "n_cw": 500,
          "time_s": 7.6660730838775635
        }
      },
      "6.0": {
        "npd": {
          "bler_total": 0.048,
          "bler_u": 0.048,
          "bler_v": 0.048,
          "n_cw": 1000,
          "time_s": 1.0214190483093262
        },
        "trellis_sc": {
          "bler_total": 0.028,
          "bler_u": 0.028,
          "bler_v": 0.028,
          "n_cw": 500,
          "time_s": 7.702670097351074
        }
      },
      "7.0": {
        "npd": {
          "bler_total": 0.042,
          "bler_u": 0.042,
          "bler_v": 0.042,
          "n_cw": 1000,
          "time_s": 1.0200929641723633
        },
        "trellis_sc": {
          "bler_total": 0.026,
          "bler_u": 0.026,
          "bler_v": 0.026,
          "n_cw": 500,
          "time_s": 7.665431261062622
        }
      },
      "8.0": {
        "npd": {
          "bler_total": 0.038,
          "bler_u": 0.038,
          "bler_v": 0.038,
          "n_cw": 1000,
          "time_s": 1.0121221542358398
        },
        "trellis_sc": {
          "bler_total": 0.024,
          "bler_u": 0.024,
          "bler_v": 0.024,
          "n_cw": 500,
          "time_s": 7.663651943206787
        }
      }
    }
  }
}