{
  "config": "ncg_gmac_classB_N128",
  "N": 128,
  "channel": "GaussianMAC",
  "path": "class_b",
  "decoder": "ncg_mlp",
  "ku": 62,
  "kv": 62,
  "sweep": {
    "4": {
      "bler": 0.44133333333333336,
      "ci_lo": 0.4163861582129141,
      "ci_hi": 0.46658023931193165,
      "n_cw": 1500,
      "errs": 662,
      "time_s": 6.97,
      "sigma2": 0.3981071705534972
    },
    "5": {
      "bler": 0.114,
      "ci_lo": 0.09889289674480391,
      "ci_hi": 0.131079196060715,
      "n_cw": 1500,
      "errs": 171,
      "time_s": 7.16,
      "sigma2": 0.31622776601683794
    },
    "6": {
      "bler": 0.015333333333333332,
      "ci_lo": 0.01023883976049417,
      "ci_hi": 0.02290401251862884,
      "n_cw": 1500,
      "errs": 23,
      "time_s": 7.16,
      "sigma2": 0.251188643150958
    },
    "7": {
      "bler": 0.009333333333333334,
      "ci_lo": 0.005567713389794795,
      "ci_hi": 0.015605793181641986,
      "n_cw": 1500,
      "errs": 14,
      "time_s": 7.21,
      "sigma2": 0.19952623149688797
    },
    "8": {
      "bler": 0.008666666666666666,
      "ci_lo": 0.005071771942657127,
      "ci_hi": 0.014771807327925624,
      "n_cw": 1500,
      "errs": 13,
      "time_s": 7.06,
      "sigma2": 0.15848931924611134
    }
  }
}