{
  "config": "sc_gmac_classB_N32",
  "N": 32,
  "channel": "GaussianMAC",
  "path": "class_b",
  "decoder": "analytical_sc",
  "ku": 15,
  "kv": 15,
  "sweep": {
    "4": {
      "bler": 0.2925,
      "ci_lo": 0.27297560945763716,
      "ci_hi": 0.31281999434657565,
      "n_cw": 2000,
      "errs": 585,
      "time_s": 0.63,
      "sigma2": 0.3981071705534972
    },
    "5": {
      "bler": 0.128,
      "ci_lo": 0.11406770406969287,
      "ci_hi": 0.14335863142508878,
      "n_cw": 2000,
      "errs": 256,
      "time_s": 0.58,
      "sigma2": 0.31622776601683794
    },
    "6": {
      "bler": 0.0495,
      "ci_lo": 0.04082710995475903,
      "ci_hi": 0.059900213003303136,
      "n_cw": 2000,
      "errs": 99,
      "time_s": 0.58,
      "sigma2": 0.251188643150958
    },
    "7": {
      "bler": 0.0185,
      "ci_lo": 0.013451271532792346,
      "ci_hi": 0.025394912716501614,
      "n_cw": 2000,
      "errs": 37,
      "time_s": 0.57,
      "sigma2": 0.19952623149688797
    },
    "8": {
      "bler": 0.0155,
      "ci_lo": 0.010940903471396526,
      "ci_hi": 0.021916783483500506,
      "n_cw": 2000,
      "errs": 31,
      "time_s": 0.58,
      "sigma2": 0.15848931924611134
    }
  }
}