{
  "config": "sc_gmac_classB_N128",
  "N": 128,
  "channel": "GaussianMAC",
  "path": "class_b",
  "decoder": "analytical_sc",
  "ku": 62,
  "kv": 62,
  "sweep": {
    "4": {
      "bler": 0.342,
      "ci_lo": 0.3184239808085086,
      "ci_hi": 0.3663832488890873,
      "n_cw": 1500,
      "errs": 513,
      "time_s": 1.64,
      "sigma2": 0.3981071705534972
    },
    "5": {
      "bler": 0.098,
      "ci_lo": 0.08396490373850712,
      "ci_hi": 0.11408893384651514,
      "n_cw": 1500,
      "errs": 147,
      "time_s": 1.67,
      "sigma2": 0.31622776601683794
    },
    "6": {
      "bler": 0.006666666666666667,
      "ci_lo": 0.0036251766197554543,
      "ci_hi": 0.012228620748265218,
      "n_cw": 1500,
      "errs": 10,
      "time_s": 1.69,
      "sigma2": 0.251188643150958
    },
    "7": {
      "bler": 0.01,
      "ci_lo": 0.0060693828628643936,
      "ci_hi": 0.016434051009426413,
      "n_cw": 1500,
      "errs": 15,
      "time_s": 1.66,
      "sigma2": 0.19952623149688797
    },
    "8": {
      "bler": 0.009333333333333334,
      "ci_lo": 0.005567713389794795,
      "ci_hi": 0.015605793181641986,
      "n_cw": 1500,
      "errs": 14,
      "time_s": 1.64,
      "sigma2": 0.15848931924611134
    }
  }
}