{
  "a0.3_N64_gpu": {
    "side": "gpu",
    "alpha": 0.3,
    "N": 64,
    "Au": [
      16,
      24,
      28,
      30,
      32,
      40,
      44,
      46,
      48,
      52,
      56,
      60,
      62,
      63,
      64
    ],
    "Av": [
      8,
      12,
      14,
      15,
      16,
      20,
      22,
      24,
      26,
      28,
      30,
      31,
      32,
      40,
      44,
      46,
      47,
      48,
      52,
      54,
      55,
      56,
      58,
      59,
      60,
      61,
      62,
      63,
      64
    ],
    "eval": {
      "bler_u": 0.036366666666666665,
      "bler_v": 0.0364,
      "bler_chained": 0.0364,
      "errs_u": 1091,
      "errs_v": 1092,
      "errs_total": 1092,
      "n_cw": 30000,
      "seed": 33064
    },
    "done": true
  },
  "a0.3_N128_gpu": {
    "side": "gpu",
    "alpha": 0.3,
    "N": 128,
    "Au": [
      16,
      24,
      28,
      32,
      40,
      48,
      56,
      60,
      62,
      63,
      64,
      72,
      80,
      88,
      92,
      94,
      95,
      96,
      104,
      108,
      110,
      111,
      112,
      116,
      118,
      120,
      124,
      126,
      127,
      128
    ],
    "Av": [
      24,
      26,
      28,
      31,
      32,
      36,
      52,
      54,
      55,
      56,
      58,
      59,
      60,
      61,
      62,
      63,
      64,
      72,
      76,
      78,
      79,
      80,
      84,
      86,
      87,
      88,
      90,
      91,
      92,
      93,
      94,
      95,
      96,
      100,
      102,
      103,
      104,
      106,
      107,
      108,
      109,
      110,
      111,
      112,
      114,
      115,
      116,
      117,
      118,
      119,
      120,
      122,
      123,
      124,
      125,
      126,
      127,
      128
    ],
    "eval": {
      "bler_u": 0.006833333333333334,
      "bler_v": 0.0067,
      "bler_chained": 0.006833333333333334,
      "errs_u": 205,
      "errs_v": 201,
      "errs_total": 205,
      "n_cw": 30000,
      "seed": 33128
    },
    "done": true
  },
  "a0.3_N256_gpu": {
    "side": "gpu",
    "alpha": 0.3,
    "N": 256,
    "Au": [
      16,
      32,
      48,
      56,
      60,
      62,
      64,
      80,
      88,
      92,
      94,
      96,
      104,
      108,
      110,
      112,
      116,
      120,
      124,
      126,
      127,
      128,
      144,
      152,
      156,
      158,
      160,
      168,
      172,
      174,
      176,
      180,
      184,
      188,
      190,
      191,
      192,
      200,
      204,
      208,
      216,
      220,
      222,
      223,
      224,
      232,
      236,
      238,
      239,
      240,
      244,
      246,
      247,
      248,
      250,
      252,
      254,
      255,
      256
    ],
    "Av": [
      62,
      63,
      64,
      72,
      76,
      78,
      79,
      80,
      107,
      109,
      110,
      111,
      112,
      114,
      115,
      116,
      118,
      119,
      120,
      122,
      123,
      124,
      125,
      126,
      127,
      128,
      136,
      140,
      142,
      143,
      144,
      148,
      150,
      151,
      152,
      154,
      155,
      156,
      157,
      158,
      159,
      160,
      164,
      166,
      167,
      168,
      170,
      171,
      172,
      173,
      174,
      175,
      176,
      178,
      179,
      180,
      182,
      183,
      184,
      186,
      187,
      188,
      189,
      190,
      191,
      192,
      196,
      198,
      199,
      200,
      202,
      203,
      204,
      206,
      207,
      208,
      210,
      211,
      212,
      214,
      215,
      216,
      218,
      219,
      220,
      221,
      222,
      223,
      224,
      226,
      227,
      228,
      230,
      231,
      232,
      234,
      235,
      236,
      237,
      238,
      239,
      240,
      242,
      243,
      244,
      245,
      246,
      247,
      248,
      249,
      250,
      251,
      252,
      253,
      254,
      255,
      256
    ],
    "eval": {
      "bler_u": 0.0008,
      "bler_v": 0.0007666666666666667,
      "bler_chained": 0.0008333333333333334,
      "errs_u": 24,
      "errs_v": 23,
      "errs_total": 25,
      "n_cw": 30000,
      "seed": 33256
    },
    "done": true
  },
  "a0.7_N64_gpu": {
    "side": "gpu",
    "alpha": 0.7,
    "N": 64,
    "Au": [
      16,
      24,
      28,
      30,
      32,
      40,
      44,
      46,
      48,
      52,
      56,
      60,
      62,
      63,
      64
    ],
    "Av": [
      12,
      14,
      22,
      23,
      24,
      26,
      27,
      28,
      30,
      31,
      32,
      38,
      39,
      40,
      42,
      44,
      46,
      47,
      48,
      52,
      54,
      55,
      56,
      58,
      59,
      60,
      62,
      63,
      64
    ],
    "eval": {
      "bler_u": 0.036333333333333336,
      "bler_v": 0.03596666666666667,
      "bler_chained": 0.036333333333333336,
      "errs_u": 1090,
      "errs_v": 1079,
      "errs_total": 1090,
      "n_cw": 30000,
      "seed": 33064
    },
    "done": true
  },
  "a0.7_N128_gpu": {
    "side": "gpu",
    "alpha": 0.7,
    "N": 128,
    "Au": [
      16,
      24,
      28,
      32,
      40,
      48,
      56,
      60,
      62,
      63,
      64,
      72,
      80,
      88,
      92,
      94,
      95,
      96,
      104,
      108,
      110,
      111,
      112,
      116,
      118,
      120,
      124,
      126,
      127,
      128
    ],
    "Av": [
      58,
      59,
      60,
      61,
      62,
      63,
      64,
      68,
      70,
      71,
      72,
      74,
      75,
      76,
      77,
      78,
      79,
      80,
      82,
      83,
      84,
      85,
      86,
      87,
      88,
      90,
      91,
      92,
      93,
      94,
      95,
      96,
      100,
      102,
      103,
      104,
      106,
      107,
      108,
      109,
      110,
      111,
      112,
      114,
      115,
      116,
      117,
      118,
      119,
      120,
      121,
      122,
      123,
      124,
      125,
      126,
      127,
      128
    ],
    "eval": {
      "bler_u": 0.003833333333333333,
      "bler_v": 0.0034,
      "bler_chained": 0.0038666666666666667,
      "errs_u": 115,
      "errs_v": 102,
      "errs_total": 116,
      "n_cw": 30000,
      "seed": 33128
    },
    "done": true
  }
}