{
  "N": 32,
  "ku": 8,
  "kv": 16,
  "bler": 0.8056,
  "errors": 4028,
  "n_cw": 5000,
  "wilson_ci": [
    0.7943979931805867,
    0.8163327873905943
  ],
  "elapsed_s": 21.827880859375,
  "reliable": true
}