{
  "N": 128,
  "d": 16,
  "hidden": 100,
  "encoder": "bigru",
  "ku": 30,
  "kv": 58,
  "iters": 200000,
  "n_params": 84970,
  "s1_best_bler": 0.056666666666666664,
  "s2_best_bler_trueU": 0.0,
  "chained": {
    "n_cw": 5000,
    "errs_u": 397,
    "errs_v": 396,
    "errs_total": 406,
    "bler_u": 0.0794,
    "bler_v": 0.0792,
    "bler_total": 0.0812
  },
  "s1_time_min": 267.8447817166646,
  "s2_time_min": 66.27500533262888
}