{
  "N": 64,
  "d": 16,
  "hidden": 100,
  "encoder": "bigru",
  "bler": 0.0352,
  "errs": 176,
  "n_cw": 5000,
  "ci": [
    0.030438229049704623,
    0.0406754528861904
  ],
  "ckpt_iter": 25000,
  "ckpt_reported_bler": 0.03666666666666667
}