{
  "config": "chained_npd_isi_mac_N64",
  "N": 64,
  "channel": "ISIMAC h=0.3",
  "path": "class_c",
  "decoder": "chained_npd_bigru",
  "ku": 15,
  "kv": 29,
  "sweep": {
    "4": {
      "bler": 0.157,
      "ci_lo": 0.1357689609765772,
      "ci_hi": 0.18085629145368676,
      "n_cw": 1000,
      "errs": 157,
      "time_s": 2.4,
      "sigma2": 0.3981071705534972
    },
    "5": {
      "bler": 0.08,
      "ci_lo": 0.06474778552394919,
      "ci_hi": 0.09846680928861887,
      "n_cw": 1000,
      "errs": 80,
      "time_s": 2.39,
      "sigma2": 0.31622776601683794
    },
    "6": {
      "bler": 0.046,
      "ci_lo": 0.03466231280457309,
      "ci_hi": 0.06081251111186951,
      "n_cw": 1000,
      "errs": 46,
      "time_s": 2.39,
      "sigma2": 0.251188643150958
    },
    "7": {
      "bler": 0.044,
      "ci_lo": 0.03293803969043349,
      "ci_hi": 0.058552091820354674,
      "n_cw": 1000,
      "errs": 44,
      "time_s": 2.38,
      "sigma2": 0.19952623149688797
    },
    "8": {
      "bler": 0.037,
      "ci_lo": 0.02696102468045289,
      "ci_hi": 0.05058268341054474,
      "n_cw": 1000,
      "errs": 37,
      "time_s": 2.4,
      "sigma2": 0.15848931924611134
    }
  }
}