{
  "config": "chained_trellis_sc_isi_mac_N64",
  "N": 64,
  "channel": "ISIMAC h=0.3",
  "path": "class_c",
  "decoder": "chained_trellis_sc",
  "ku": 15,
  "kv": 29,
  "sweep": {
    "4": {
      "bler": 0.106,
      "ci_lo": 0.08840477020504056,
      "ci_hi": 0.1266108258810352,
      "n_cw": 1000,
      "errs": 106,
      "time_s": 4.88,
      "sigma2": 0.3981071705534972
    },
    "5": {
      "bler": 0.047,
      "ci_lo": 0.03552692265984565,
      "ci_hi": 0.06194024745942417,
      "n_cw": 1000,
      "errs": 47,
      "time_s": 4.87,
      "sigma2": 0.31622776601683794
    },
    "6": {
      "bler": 0.043,
      "ci_lo": 0.03207848108830104,
      "ci_hi": 0.057419304219659906,
      "n_cw": 1000,
      "errs": 43,
      "time_s": 4.93,
      "sigma2": 0.251188643150958
    },
    "7": {
      "bler": 0.028,
      "ci_lo": 0.019442147463132154,
      "ci_hi": 0.040170444802420505,
      "n_cw": 1000,
      "errs": 28,
      "time_s": 4.83,
      "sigma2": 0.19952623149688797
    },
    "8": {
      "bler": 0.021,
      "ci_lo": 0.013775634089646441,
      "ci_hi": 0.03189053475611568,
      "n_cw": 1000,
      "errs": 21,
      "time_s": 4.89,
      "sigma2": 0.15848931924611134
    }
  }
}