{
  "config": "chained_npd_gmac_classC_N64",
  "N": 64,
  "channel": "GaussianMAC",
  "path": "class_c",
  "decoder": "chained_npd_mlp",
  "ku": 15,
  "kv": 29,
  "sweep": {
    "4": {
      "bler": 0.2735,
      "ci_lo": 0.2544120472655743,
      "ci_hi": 0.293456407007458,
      "n_cw": 2000,
      "errs": 547,
      "time_s": 4.21,
      "sigma2": 0.3981071705534972
    },
    "5": {
      "bler": 0.2035,
      "ci_lo": 0.18643140788395016,
      "ci_hi": 0.221705442853154,
      "n_cw": 2000,
      "errs": 407,
      "time_s": 4.21,
      "sigma2": 0.31622776601683794
    },
    "6": {
      "bler": 0.165,
      "ci_lo": 0.14937744597362249,
      "ci_hi": 0.1819070228187212,
      "n_cw": 2000,
      "errs": 330,
      "time_s": 4.21,
      "sigma2": 0.251188643150958
    },
    "7": {
      "bler": 0.1525,
      "ci_lo": 0.1374112217510134,
      "ci_hi": 0.16892117498134313,
      "n_cw": 2000,
      "errs": 305,
      "time_s": 4.25,
      "sigma2": 0.19952623149688797
    },
    "8": {
      "bler": 0.1555,
      "ci_lo": 0.14027990564107343,
      "ci_hi": 0.17204098838568002,
      "n_cw": 2000,
      "errs": 311,
      "time_s": 4.26,
      "sigma2": 0.15848931924611134
    }
  }
}