{
  "config": "chained_npd_isi_mac_N16",
  "N": 16,
  "channel": "ISIMAC h=0.3",
  "path": "class_c",
  "decoder": "chained_npd_bigru",
  "ku": 4,
  "kv": 7,
  "sweep": {
    "4": {
      "bler": 0.17066666666666666,
      "ci_lo": 0.15247445960106698,
      "ci_hi": 0.19054145377704412,
      "n_cw": 1500,
      "errs": 256,
      "time_s": 0.91,
      "sigma2": 0.3981071705534972
    },
    "5": {
      "bler": 0.156,
      "ci_lo": 0.13851817065802852,
      "ci_hi": 0.175239342101294,
      "n_cw": 1500,
      "errs": 234,
      "time_s": 0.9,
      "sigma2": 0.31622776601683794
    },
    "6": {
      "bler": 0.15,
      "ci_lo": 0.13282473818114968,
      "ci_hi": 0.16896342887048663,
      "n_cw": 1500,
      "errs": 225,
      "time_s": 0.9,
      "sigma2": 0.251188643150958
    },
    "7": {
      "bler": 0.13,
      "ci_lo": 0.11392136542115323,
      "ci_hi": 0.1479689826048623,
      "n_cw": 1500,
      "errs": 195,
      "time_s": 0.92,
      "sigma2": 0.19952623149688797
    },
    "8": {
      "bler": 0.13066666666666665,
      "ci_lo": 0.11454948294996722,
      "ci_hi": 0.14867079237690226,
      "n_cw": 1500,
      "errs": 196,
      "time_s": 0.9,
      "sigma2": 0.15848931924611134
    }
  }
}