{
  "config": "chained_trellis_sc_isi_mac_N32",
  "N": 32,
  "channel": "ISIMAC h=0.3",
  "path": "class_c",
  "decoder": "chained_trellis_sc",
  "ku": 7,
  "kv": 15,
  "sweep": {
    "4": {
      "bler": 0.11266666666666666,
      "ci_lo": 0.09764480447518299,
      "ci_hi": 0.12966743372862782,
      "n_cw": 1500,
      "errs": 169,
      "time_s": 3.5,
      "sigma2": 0.3981071705534972
    },
    "5": {
      "bler": 0.092,
      "ci_lo": 0.07839707528448218,
      "ci_hi": 0.10768741659285384,
      "n_cw": 1500,
      "errs": 138,
      "time_s": 3.52,
      "sigma2": 0.31622776601683794
    },
    "6": {
      "bler": 0.08733333333333333,
      "ci_lo": 0.07407936443290447,
      "ci_hi": 0.10269563633845336,
      "n_cw": 1500,
      "errs": 131,
      "time_s": 3.54,
      "sigma2": 0.251188643150958
    },
    "7": {
      "bler": 0.072,
      "ci_lo": 0.059983092944398145,
      "ci_hi": 0.08620357990731707,
      "n_cw": 1500,
      "errs": 108,
      "time_s": 3.55,
      "sigma2": 0.19952623149688797
    },
    "8": {
      "bler": 0.07133333333333333,
      "ci_lo": 0.059373745483259875,
      "ci_hi": 0.08548300006760132,
      "n_cw": 1500,
      "errs": 107,
      "time_s": 3.47,
      "sigma2": 0.15848931924611134
    }
  }
}