{
  "config": "chained_trellis_sc_isi_mac_N16",
  "N": 16,
  "channel": "ISIMAC h=0.3",
  "path": "class_c",
  "decoder": "chained_trellis_sc",
  "ku": 4,
  "kv": 7,
  "sweep": {
    "4": {
      "bler": 0.176,
      "ci_lo": 0.15756235064618387,
      "ci_hi": 0.19609298113875942,
      "n_cw": 1500,
      "errs": 264,
      "time_s": 1.76,
      "sigma2": 0.3981071705534972
    },
    "5": {
      "bler": 0.17133333333333334,
      "ci_lo": 0.15311008388938194,
      "ci_hi": 0.19123575678958318,
      "n_cw": 1500,
      "errs": 257,
      "time_s": 1.79,
      "sigma2": 0.31622776601683794
    },
    "6": {
      "bler": 0.17466666666666666,
      "ci_lo": 0.15628976184156665,
      "ci_hi": 0.1947057153416686,
      "n_cw": 1500,
      "errs": 262,
      "time_s": 1.79,
      "sigma2": 0.251188643150958
    },
    "7": {
      "bler": 0.158,
      "ci_lo": 0.1404181071777336,
      "ci_hi": 0.17732918748415102,
      "n_cw": 1500,
      "errs": 237,
      "time_s": 1.75,
      "sigma2": 0.19952623149688797
    },
    "8": {
      "bler": 0.15733333333333333,
      "ci_lo": 0.13978467916287401,
      "ci_hi": 0.17663268819815653,
      "n_cw": 1500,
      "errs": 236,
      "time_s": 1.76,
      "sigma2": 0.15848931924611134
    }
  }
}