{
  "config": "ncg_gmac_classB_N64",
  "N": 64,
  "channel": "GaussianMAC",
  "path": "class_b",
  "decoder": "ncg_mlp",
  "ku": 31,
  "kv": 31,
  "sweep": {
    "4": {
      "bler": 0.359,
      "ci_lo": 0.3382646416203931,
      "ci_hi": 0.38027598554295156,
      "n_cw": 2000,
      "errs": 718,
      "time_s": 3.11,
      "sigma2": 0.3981071705534972
    },
    "5": {
      "bler": 0.128,
      "ci_lo": 0.11406770406969287,
      "ci_hi": 0.14335863142508878,
      "n_cw": 2000,
      "errs": 256,
      "time_s": 3.13,
      "sigma2": 0.31622776601683794
    },
    "6": {
      "bler": 0.0285,
      "ci_lo": 0.022062412525640788,
      "ci_hi": 0.03674542937164292,
      "n_cw": 2000,
      "errs": 57,
      "time_s": 3.12,
      "sigma2": 0.251188643150958
    },
    "7": {
      "bler": 0.009,
      "ci_lo": 0.005700452646339954,
      "ci_hi": 0.014182156837363747,
      "n_cw": 2000,
      "errs": 18,
      "time_s": 3.17,
      "sigma2": 0.19952623149688797
    },
    "8": {
      "bler": 0.0075,
      "ci_lo": 0.004550336456172238,
      "ci_hi": 0.012338024380333004,
      "n_cw": 2000,
      "errs": 15,
      "time_s": 3.24,
      "sigma2": 0.15848931924611134
    }
  }
}