{
  "config": "ncg_gmac_classB_N32",
  "N": 32,
  "channel": "GaussianMAC",
  "path": "class_b",
  "decoder": "ncg_mlp",
  "ku": 15,
  "kv": 15,
  "sweep": {
    "4": {
      "bler": 0.297,
      "ci_lo": 0.2773784687881505,
      "ci_hi": 0.31739988095765775,
      "n_cw": 2000,
      "errs": 594,
      "time_s": 1.34,
      "sigma2": 0.3981071705534972
    },
    "5": {
      "bler": 0.132,
      "ci_lo": 0.11786793224508621,
      "ci_hi": 0.14754306630889133,
      "n_cw": 2000,
      "errs": 264,
      "time_s": 1.35,
      "sigma2": 0.31622776601683794
    },
    "6": {
      "bler": 0.0515,
      "ci_lo": 0.042644572015083454,
      "ci_hi": 0.06207508247257665,
      "n_cw": 2000,
      "errs": 103,
      "time_s": 1.36,
      "sigma2": 0.251188643150958
    },
    "7": {
      "bler": 0.016,
      "ci_lo": 0.011356164365288596,
      "ci_hi": 0.022499605472007928,
      "n_cw": 2000,
      "errs": 32,
      "time_s": 1.39,
      "sigma2": 0.19952623149688797
    },
    "8": {
      "bler": 0.017,
      "ci_lo": 0.012190606557782523,
      "ci_hi": 0.02366132904431298,
      "n_cw": 2000,
      "errs": 34,
      "time_s": 1.39,
      "sigma2": 0.15848931924611134
    }
  }
}