{
  "config": "sc_gmac_classB_N64",
  "N": 64,
  "channel": "GaussianMAC",
  "path": "class_b",
  "decoder": "analytical_sc",
  "ku": 31,
  "kv": 31,
  "sweep": {
    "4": {
      "bler": 0.3405,
      "ci_lo": 0.3200548537560981,
      "ci_hi": 0.3615567067584655,
      "n_cw": 2000,
      "errs": 681,
      "time_s": 1.1,
      "sigma2": 0.3981071705534972
    },
    "5": {
      "bler": 0.125,
      "ci_lo": 0.11122058877464372,
      "ci_hi": 0.14021724942574101,
      "n_cw": 2000,
      "errs": 250,
      "time_s": 1.09,
      "sigma2": 0.31622776601683794
    },
    "6": {
      "bler": 0.0315,
      "ci_lo": 0.02469793238521229,
      "ci_hi": 0.04009840680646833,
      "n_cw": 2000,
      "errs": 63,
      "time_s": 1.13,
      "sigma2": 0.251188643150958
    },
    "7": {
      "bler": 0.0115,
      "ci_lo": 0.007675170935940397,
      "ci_hi": 0.017197852959760743,
      "n_cw": 2000,
      "errs": 23,
      "time_s": 1.11,
      "sigma2": 0.19952623149688797
    },
    "8": {
      "bler": 0.006,
      "ci_lo": 0.0034355600294584893,
      "ci_hi": 0.01045855215984829,
      "n_cw": 2000,
      "errs": 12,
      "time_s": 1.09,
      "sigma2": 0.15848931924611134
    }
  }
}