{
  "config": "sc_gmac_classC_N64",
  "N": 64,
  "channel": "GaussianMAC",
  "path": "class_c",
  "decoder": "analytical_sc",
  "ku": 15,
  "kv": 29,
  "sweep": {
    "4": {
      "bler": 0.0575,
      "ci_lo": 0.048120155274621886,
      "ci_hi": 0.06857649380183206,
      "n_cw": 2000,
      "errs": 115,
      "time_s": 6.03,
      "sigma2": 0.3981071705534972
    },
    "5": {
      "bler": 0.032,
      "ci_lo": 0.02513901392440653,
      "ci_hi": 0.04065540814967358,
      "n_cw": 2000,
      "errs": 64,
      "time_s": 6.13,
      "sigma2": 0.31622776601683794
    },
    "6": {
      "bler": 0.0255,
      "ci_lo": 0.01944781933047656,
      "ci_hi": 0.03337152527241021,
      "n_cw": 2000,
      "errs": 51,
      "time_s": 6.11,
      "sigma2": 0.251188643150958
    },
    "7": {
      "bler": 0.0205,
      "ci_lo": 0.015147075079115231,
      "ci_hi": 0.02769144069977668,
      "n_cw": 2000,
      "errs": 41,
      "time_s": 6.09,
      "sigma2": 0.19952623149688797
    },
    "8": {
      "bler": 0.0235,
      "ci_lo": 0.01771813278982021,
      "ci_hi": 0.03110888028346862,
      "n_cw": 2000,
      "errs": 47,
      "time_s": 6.1,
      "sigma2": 0.15848931924611134
    }
  }
}