{
  "description": "Chained eval with p3 stage1 + curriculum stage2",
  "s1_Au": [
    16,
    24,
    28,
    29,
    30,
    32,
    40,
    44,
    48,
    56,
    60,
    61,
    62,
    63,
    64
  ],
  "s2_Av": [
    16,
    22,
    24,
    26,
    27,
    28,
    30,
    31,
    32,
    38,
    39,
    40,
    42,
    44,
    46,
    47,
    48,
    50,
    51,
    52,
    54,
    55,
    56,
    58,
    59,
    60,
    62,
    63,
    64
  ],
  "s1_checkpoint": "npd_design_p3_N64_best.pt",
  "s2_checkpoint": "curriculum_gmac_c_s2_N64_best.pt",
  "bler": 0.0125,
  "errs_u": 25,
  "errs_v": 25,
  "n_cw": 2000,
  "ci_lo": 0.008481021586816417,
  "ci_hi": 0.018388168073683698,
  "note": "Cross-ckpt chained: Stage 1 uses npd-chosen Au, Stage 2 uses curriculum Av. Because p3 was trained for a different design, this is not a clean production path."
}