{
  "8": {
    "channel": "abnmac",
    "class": "B",
    "N": 8,
    "ku": 3,
    "kv": 3,
    "skip_reason": "ku=3 <= CRC_BITS=8"
  },
  "16": {
    "channel": "abnmac",
    "class": "B",
    "N": 16,
    "ku": 5,
    "kv": 5,
    "skip_reason": "ku=5 <= CRC_BITS=8"
  },
  "32": {
    "channel": "abnmac",
    "class": "B",
    "N": 32,
    "ku": 10,
    "kv": 10,
    "L": 4,
    "n_cw": 5000,
    "time_s": 25.8,
    "sc_bler": 0.0216,
    "sc_errs": 108,
    "sc_ci": [
      0.017922572597974227,
      0.02601199159766299
    ],
    "scl_bler": 0.0104,
    "scl_errs": 52,
    "scl_ci": [
      0.007939925453345731,
      0.013611835897373284
    ],
    "crc_scl_bler": 0.0022,
    "crc_scl_errs": 11,
    "crc_scl_ci": [
      0.001228902612090369,
      0.00393544951288497
    ],
    "crc_positions": [
      24,
      26,
      27,
      28,
      29,
      30,
      31,
      32
    ],
    "seed": 42
  },
  "64": {
    "channel": "abnmac",
    "class": "B",
    "N": 64,
    "ku": 22,
    "kv": 22,
    "L": 4,
    "n_cw": 3000,
    "time_s": 32.5,
    "sc_bler": 0.04633333333333333,
    "sc_errs": 139,
    "sc_ci": [
      0.039373856079261506,
      0.05445319525393796
    ],
    "scl_bler": 0.017,
    "scl_errs": 51,
    "scl_ci": [
      0.012953675419908658,
      0.022281737792292682
    ],
    "crc_scl_bler": 0.0036666666666666666,
    "crc_scl_errs": 11,
    "crc_scl_ci": [
      0.0020486472682496883,
      0.006554203161679772
    ],
    "crc_positions": [
      57,
      58,
      59,
      60,
      61,
      62,
      63,
      64
    ],
    "seed": 42
  },
  "128": {
    "channel": "abnmac",
    "class": "B",
    "N": 128,
    "ku": 45,
    "kv": 45,
    "L": 4,
    "n_cw": 2000,
    "time_s": 45.2,
    "sc_bler": 0.031,
    "sc_errs": 62,
    "sc_ci": [
      0.024257353031001076,
      0.03954090327828007
    ],
    "scl_bler": 0.01,
    "scl_errs": 20,
    "scl_ci": [
      0.006482716966274172,
      0.015396058282228505
    ],
    "crc_scl_bler": 0.003,
    "crc_scl_errs": 6,
    "crc_scl_ci": [
      0.0013756111462276122,
      0.006530003748682246
    ],
    "crc_positions": [
      121,
      122,
      123,
      124,
      125,
      126,
      127,
      128
    ],
    "seed": 42
  },
  "128_reliable": {
    "channel": "abnmac",
    "class": "B",
    "N": 128,
    "ku": 45,
    "kv": 45,
    "L": 4,
    "n_cw": 4000,
    "time_s": 93.0,
    "sc_bler": 0.02875,
    "sc_errs": 115,
    "sc_ci": [
      0.02400634999530319,
      0.03439795850681138
    ],
    "scl_bler": 0.00775,
    "scl_errs": 31,
    "scl_ci": [
      0.005465239602035666,
      0.010979366997785863
    ],
    "crc_scl_bler": 0.00225,
    "crc_scl_errs": 9,
    "crc_scl_ci": [
      0.001184190535558859,
      0.004270970327947828
    ],
    "crc_positions": [
      121,
      122,
      123,
      124,
      125,
      126,
      127,
      128
    ],
    "seed": 12345
  },
  "64_extended": {
    "channel": "abnmac",
    "class": "B",
    "N": 64,
    "ku": 22,
    "kv": 22,
    "L": 4,
    "n_cw": 10000,
    "time_s": 109.7,
    "sc_bler": 0.0421,
    "sc_errs": 421,
    "sc_ci": [
      0.0383366493939983,
      0.04621502923314028
    ],
    "scl_bler": 0.0194,
    "scl_errs": 194,
    "scl_ci": [
      0.01687542808753431,
      0.022293684706094885
    ],
    "crc_scl_bler": 0.0057,
    "crc_scl_errs": 57,
    "crc_scl_ci": [
      0.004402395036688564,
      0.007377239698831437
    ],
    "crc_positions": [
      57,
      58,
      59,
      60,
      61,
      62,
      63,
      64
    ],
    "seed": 99
  }
}