{
  "16": {
    "N": 16,
    "ku": 4,
    "kv": 7,
    "n": 4,
    "d": 64,
    "hidden": 256,
    "s1_iters": 500000,
    "s2_iters": 100000,
    "Au": [
      8,
      12,
      14,
      16
    ],
    "Av": [
      4,
      6,
      8,
      12,
      14,
      15,
      16
    ],
    "eval": {
      "bler_u": 0.16409,
      "bler_v": 0.1646,
      "bler_chained": 0.16472,
      "errs_u": 16409,
      "errs_v": 16460,
      "errs_total": 16472,
      "n_cw": 100000,
      "seed": 11016
    },
    "done": true
  },
  "32": {
    "N": 32,
    "ku": 7,
    "kv": 15,
    "n": 5,
    "d": 64,
    "hidden": 256,
    "s1_iters": 400000,
    "s2_iters": 80000,
    "Au": [
      8,
      16,
      24,
      28,
      30,
      31,
      32
    ],
    "Av": [
      8,
      12,
      14,
      15,
      16,
      20,
      22,
      23,
      24,
      26,
      27,
      28,
      30,
      31,
      32
    ],
    "eval": {
      "bler_u": 0.06863,
      "bler_v": 0.06861,
      "bler_chained": 0.06873,
      "errs_u": 6863,
      "errs_v": 6861,
      "errs_total": 6873,
      "n_cw": 100000,
      "seed": 11032
    },
    "done": true
  },
  "64": {
    "N": 64,
    "ku": 15,
    "kv": 29,
    "n": 6,
    "d": 64,
    "hidden": 256,
    "s1_iters": 300000,
    "s2_iters": 60000,
    "Au": [
      16,
      24,
      28,
      30,
      32,
      40,
      44,
      46,
      48,
      52,
      56,
      60,
      62,
      63,
      64
    ],
    "Av": [
      8,
      12,
      14,
      15,
      16,
      20,
      22,
      23,
      24,
      26,
      28,
      30,
      31,
      36,
      40,
      44,
      46,
      47,
      52,
      54,
      55,
      56,
      58,
      59,
      60,
      61,
      62,
      63,
      64
    ],
    "eval": {
      "bler_u": 0.03284,
      "bler_v": 0.03282,
      "bler_chained": 0.03284,
      "errs_u": 1642,
      "errs_v": 1641,
      "errs_total": 1642,
      "n_cw": 50000,
      "seed": 11064
    },
    "done": true
  }
}