{
  "16": {
    "N": 16,
    "ku": 4,
    "kv": 7,
    "n": 4,
    "d": 32,
    "hidden": 128,
    "s1_iters": 300000,
    "s2_iters": 80000,
    "Au": [
      8,
      12,
      14,
      16
    ],
    "Av": [
      4,
      7,
      8,
      12,
      14,
      15,
      16
    ],
    "eval": {
      "bler_u": 0.14638,
      "bler_v": 0.14608,
      "bler_chained": 0.14654,
      "errs_u": 7319,
      "errs_v": 7304,
      "errs_total": 7327,
      "n_cw": 50000,
      "seed": 66016
    },
    "done": true
  },
  "32": {
    "N": 32,
    "ku": 7,
    "kv": 15,
    "n": 5,
    "d": 32,
    "hidden": 128,
    "s1_iters": 250000,
    "s2_iters": 60000,
    "Au": [
      8,
      16,
      24,
      28,
      30,
      31,
      32
    ],
    "Av": [
      4,
      8,
      12,
      14,
      15,
      16,
      20,
      22,
      23,
      24,
      26,
      28,
      30,
      31,
      32
    ],
    "eval": {
      "bler_u": 0.1297,
      "bler_v": 0.1296,
      "bler_chained": 0.12972,
      "errs_u": 6485,
      "errs_v": 6480,
      "errs_total": 6486,
      "n_cw": 50000,
      "seed": 66032
    },
    "done": true
  },
  "64": {
    "N": 64,
    "ku": 15,
    "kv": 29,
    "n": 6,
    "d": 32,
    "hidden": 128,
    "s1_iters": 150000,
    "s2_iters": 40000,
    "Au": [
      16,
      24,
      28,
      30,
      32,
      40,
      44,
      46,
      48,
      52,
      56,
      60,
      62,
      63,
      64
    ],
    "Av": [
      8,
      12,
      14,
      22,
      23,
      26,
      28,
      30,
      31,
      32,
      36,
      38,
      40,
      42,
      44,
      46,
      47,
      48,
      52,
      54,
      55,
      56,
      58,
      59,
      60,
      61,
      62,
      63,
      64
    ],
    "eval": {
      "bler_u": 0.02978,
      "bler_v": 0.0295,
      "bler_chained": 0.02978,
      "errs_u": 1489,
      "errs_v": 1475,
      "errs_total": 1489,
      "n_cw": 50000,
      "seed": 66064
    },
    "done": true
  },
  "128": {
    "N": 128,
    "ku": 30,
    "kv": 58,
    "n": 7,
    "d": 32,
    "hidden": 128,
    "s1_iters": 100000,
    "s2_iters": 30000,
    "Au": [
      16,
      24,
      28,
      32,
      40,
      48,
      56,
      60,
      62,
      63,
      64,
      72,
      80,
      88,
      92,
      94,
      95,
      96,
      104,
      108,
      110,
      111,
      112,
      116,
      118,
      120,
      124,
      126,
      127,
      128
    ],
    "Av": [
      29,
      31,
      32,
      36,
      52,
      54,
      55,
      56,
      58,
      59,
      60,
      61,
      62,
      63,
      64,
      68,
      70,
      72,
      76,
      78,
      79,
      80,
      84,
      86,
      87,
      88,
      90,
      91,
      92,
      93,
      94,
      95,
      96,
      100,
      102,
      103,
      104,
      106,
      107,
      108,
      109,
      110,
      111,
      112,
      114,
      115,
      116,
      117,
      118,
      119,
      120,
      122,
      123,
      124,
      125,
      126,
      127,
      128
    ],
    "eval": {
      "bler_u": 0.00618,
      "bler_v": 0.00574,
      "bler_chained": 0.00618,
      "errs_u": 309,
      "errs_v": 287,
      "errs_total": 309,
      "n_cw": 50000,
      "seed": 66128
    },
    "done": true
  }
}