{
  "32": {
    "N": 32,
    "ku": 10,
    "kv": 10,
    "L4": {
      "channel": "abnmac",
      "N": 32,
      "ku": 10,
      "kv": 10,
      "L": 4,
      "n_cw": 1500,
      "time_s": 85.6,
      "bler_scl": 0.03666666666666667,
      "crc_positions": [
        24,
        26,
        27,
        28,
        29,
        30,
        31,
        32
      ],
      "bler_crc_scl": 0.016666666666666666
    }
  },
  "64": {
    "N": 64,
    "ku": 22,
    "kv": 22,
    "L4": {
      "channel": "abnmac",
      "N": 64,
      "ku": 22,
      "kv": 22,
      "L": 4,
      "n_cw": 1000,
      "time_s": 144.5,
      "bler_scl": 0.04,
      "crc_positions": [
        57,
        58,
        59,
        60,
        61,
        62,
        63,
        64
      ],
      "bler_crc_scl": 0.012
    }
  }
}