{
  "32": {
    "N": 32,
    "ku": 10,
    "kv": 10,
    "L4": {
      "channel": "abnmac",
      "N": 32,
      "ku": 10,
      "kv": 10,
      "L": 4,
      "n_cw": 1500,
      "time_s": 78.9,
      "bler_scl": 0.998,
      "crc_positions": [
        24,
        26,
        27,
        28,
        29,
        30,
        31,
        32
      ],
      "bler_crc_scl": 0.9873333333333333
    },
    "L8": {
      "channel": "abnmac",
      "N": 32,
      "ku": 10,
      "kv": 10,
      "L": 8,
      "n_cw": 1000,
      "time_s": 94.3,
      "bler_scl": 0.999,
      "crc_positions": [
        24,
        26,
        27,
        28,
        29,
        30,
        31,
        32
      ],
      "bler_crc_scl": 0.989
    },
    "L16": {
      "channel": "abnmac",
      "N": 32,
      "ku": 10,
      "kv": 10,
      "L": 16,
      "n_cw": 700,
      "time_s": 124.5,
      "bler_scl": 1.0,
      "crc_positions": [
        24,
        26,
        27,
        28,
        29,
        30,
        31,
        32
      ],
      "bler_crc_scl": 0.9885714285714285
    }
  },
  "64": {
    "N": 64,
    "ku": 22,
    "kv": 22,
    "L4": {
      "channel": "abnmac",
      "N": 64,
      "ku": 22,
      "kv": 22,
      "L": 4,
      "n_cw": 1000,
      "time_s": 133.6,
      "bler_scl": 1.0,
      "crc_positions": [
        57,
        58,
        59,
        60,
        61,
        62,
        63,
        64
      ],
      "bler_crc_scl": 1.0
    },
    "L8": {
      "channel": "abnmac",
      "N": 64,
      "ku": 22,
      "kv": 22,
      "L": 8,
      "n_cw": 600,
      "time_s": 154.4,
      "bler_scl": 1.0,
      "crc_positions": [
        57,
        58,
        59,
        60,
        61,
        62,
        63,
        64
      ],
      "bler_crc_scl": 1.0
    }
  }
}