{
  "256": {
    "N": 256,
    "ku": 123,
    "kv": 123,
    "L4": {
      "channel": "gmac",
      "N": 256,
      "ku": 123,
      "kv": 123,
      "L": 4,
      "n_cw": 300,
      "time_s": 375.3,
      "bler_scl": 0.02,
      "crc_positions": [
        249,
        250,
        251,
        252,
        253,
        254,
        255,
        256
      ],
      "bler_crc_scl": 0.016666666666666666
    },
    "L8": {
      "channel": "gmac",
      "N": 256,
      "ku": 123,
      "kv": 123,
      "L": 8,
      "n_cw": 200,
      "time_s": 551.0,
      "bler_scl": 0.04,
      "crc_positions": [
        249,
        250,
        251,
        252,
        253,
        254,
        255,
        256
      ],
      "bler_crc_scl": 0.03
    },
    "L16": {
      "channel": "gmac",
      "N": 256,
      "ku": 123,
      "kv": 123,
      "L": 16,
      "n_cw": 150,
      "time_s": 810.7,
      "bler_scl": 0.06,
      "crc_positions": [
        249,
        250,
        251,
        252,
        253,
        254,
        255,
        256
      ],
      "bler_crc_scl": 0.05333333333333334
    }
  }
}