{
  "32": {
    "N": 32,
    "ku": 15,
    "kv": 15,
    "L8": {
      "channel": "gmac",
      "N": 32,
      "ku": 15,
      "kv": 15,
      "L": 8,
      "n_cw": 1000,
      "time_s": 121.8,
      "bler_scl": 0.036,
      "crc_positions": [
        25,
        26,
        27,
        28,
        29,
        30,
        31,
        32
      ],
      "bler_crc_scl": 0.008
    },
    "L16": {
      "channel": "gmac",
      "N": 32,
      "ku": 15,
      "kv": 15,
      "L": 16,
      "n_cw": 700,
      "time_s": 148.4,
      "bler_scl": 0.02857142857142857,
      "crc_positions": [
        25,
        26,
        27,
        28,
        29,
        30,
        31,
        32
      ],
      "bler_crc_scl": 0.002857142857142857
    },
    "L4": {
      "channel": "gmac",
      "N": 32,
      "ku": 15,
      "kv": 15,
      "L": 4,
      "n_cw": 1500,
      "time_s": 54.4,
      "bler_scl": 0.030666666666666665,
      "crc_positions": [
        25,
        26,
        27,
        28,
        29,
        30,
        31,
        32
      ],
      "bler_crc_scl": 0.007333333333333333
    }
  },
  "64": {
    "N": 64,
    "ku": 31,
    "kv": 31,
    "L16": {
      "channel": "gmac",
      "N": 64,
      "ku": 31,
      "kv": 31,
      "L": 16,
      "n_cw": 400,
      "time_s": 235.8,
      "bler_scl": 0.01,
      "crc_positions": [
        57,
        58,
        59,
        60,
        61,
        62,
        63,
        64
      ],
      "bler_crc_scl": 0.0
    },
    "L4": {
      "channel": "gmac",
      "N": 64,
      "ku": 31,
      "kv": 31,
      "L": 4,
      "n_cw": 1000,
      "time_s": 94.2,
      "bler_scl": 0.016,
      "crc_positions": [
        57,
        58,
        59,
        60,
        61,
        62,
        63,
        64
      ],
      "bler_crc_scl": 0.002
    }
  },
  "128": {
    "N": 128,
    "ku": 62,
    "kv": 62,
    "L16": {
      "channel": "gmac",
      "N": 128,
      "ku": 62,
      "kv": 62,
      "L": 16,
      "n_cw": 200,
      "time_s": 361.9,
      "bler_scl": 0.0,
      "crc_positions": [
        121,
        122,
        123,
        124,
        125,
        126,
        127,
        128
      ],
      "bler_crc_scl": 0.0
    },
    "L4": {
      "channel": "gmac",
      "N": 128,
      "ku": 62,
      "kv": 62,
      "L": 4,
      "n_cw": 500,
      "time_s": 136.5,
      "bler_scl": 0.01,
      "crc_positions": [
        121,
        122,
        123,
        124,
        125,
        126,
        127,
        128
      ],
      "bler_crc_scl": 0.004
    }
  }
}