{
  "N": 64,
  "ku": 31,
  "kv": 31,
  "design": "gmac_B_n6_snr6dB.npz",
  "snr_results": {
    "4": {
      "snr_db": 4,
      "sigma2": 0.3981071705534972,
      "sc_bler": 0.334,
      "ncg_bler": 0.361,
      "ratio": 1.081,
      "n_cw_sc": 3000,
      "n_cw_nn": 2000
    },
    "5": {
      "snr_db": 5,
      "sigma2": 0.31622776601683794,
      "sc_bler": 0.11666666666666667,
      "ncg_bler": 0.126,
      "ratio": 1.08,
      "n_cw_sc": 3000,
      "n_cw_nn": 2000
    },
    "6": {
      "snr_db": 6,
      "sigma2": 0.251188643150958,
      "sc_bler": 0.029666666666666668,
      "ncg_bler": 0.027,
      "ratio": 0.91,
      "n_cw_sc": 3000,
      "n_cw_nn": 2000
    },
    "7": {
      "snr_db": 7,
      "sigma2": 0.19952623149688797,
      "sc_bler": 0.007333333333333333,
      "ncg_bler": 0.0055,
      "ratio": 0.75,
      "n_cw_sc": 3000,
      "n_cw_nn": 2000
    },
    "8": {
      "snr_db": 8,
      "sigma2": 0.15848931924611134,
      "sc_bler": 0.008,
      "ncg_bler": 0.004,
      "ratio": 0.5,
      "n_cw_sc": 3000,
      "n_cw_nn": 2000
    }
  }
}