{
  "32": {
    "N": 32,
    "ku": 15,
    "kv": 15,
    "NN_SCL_L4": {
      "bler": 0.023,
      "n_cw": 1000,
      "time_s": 87.2
    },
    "NN_CA_SCL_L4": {
      "bler": 0.009,
      "n_cw": 1000,
      "time_s": 93.2
    }
  },
  "64": {
    "N": 64,
    "ku": 31,
    "kv": 31,
    "NN_SCL_L4": {
      "bler": 0.017,
      "n_cw": 1000,
      "time_s": 281.8
    },
    "NN_CA_SCL_L4": {
      "bler": 0.002,
      "n_cw": 1000,
      "time_s": 254.4
    },
    "NN_SCL_L8": {
      "bler": 0.008,
      "n_cw": 500,
      "time_s": 242.6
    },
    "NN_CA_SCL_L8": {
      "bler": 0.002,
      "n_cw": 500,
      "time_s": 256.7
    },
    "NN_SCL_L16": {
      "bler": 0.02,
      "n_cw": 300,
      "time_s": 296.5
    },
    "NN_CA_SCL_L16": {
      "bler": 0.0033333333333333335,
      "n_cw": 300,
      "time_s": 298.0
    }
  },
  "128": {
    "N": 128,
    "ku": 62,
    "kv": 62,
    "NN_SCL_L4": {
      "bler": 0.014,
      "n_cw": 500,
      "time_s": 422.8
    },
    "NN_CA_SCL_L4": {
      "bler": 0.006,
      "n_cw": 500,
      "time_s": 410.3
    },
    "NN_SCL_L8": {
      "bler": 0.023333333333333334,
      "n_cw": 300,
      "time_s": 522.6
    },
    "NN_CA_SCL_L8": {
      "bler": 0.0,
      "n_cw": 300,
      "time_s": 423.4
    },
    "NN_SCL_L16": {
      "bler": 0.02,
      "n_cw": 200,
      "time_s": 461.6
    },
    "NN_CA_SCL_L16": {
      "bler": 0.0,
      "n_cw": 200,
      "time_s": 472.2
    }
  }
}