{
  "16": {
    "channel": "abnmac",
    "class": "C",
    "N": 16,
    "ku": 3,
    "kv": 6,
    "skip_reason": "ku=3 <= CRC_BITS=8"
  },
  "32": {
    "channel": "abnmac",
    "class": "C",
    "N": 32,
    "ku": 6,
    "kv": 13,
    "skip_reason": "ku=6 <= CRC_BITS=8"
  },
  "64": {
    "channel": "abnmac",
    "class": "C",
    "N": 64,
    "ku": 13,
    "kv": 26,
    "L": 4,
    "n_cw": 3000,
    "time_s": 14.2,
    "sc_bler": 0.043333333333333335,
    "sc_errs": 130,
    "sc_ci": [
      0.03661267754324285,
      0.05122204716394545
    ],
    "scl_bler": 0.033,
    "scl_errs": 99,
    "scl_ci": [
      0.027181050677686613,
      0.04001343787324098
    ],
    "crc_scl_bler": 0.024666666666666667,
    "crc_scl_errs": 74,
    "crc_scl_ci": [
      0.019694469784330815,
      0.030854667027676856
    ],
    "crc_positions": [
      56,
      58,
      59,
      60,
      61,
      62,
      63,
      64
    ],
    "seed": 42
  },
  "128": {
    "channel": "abnmac",
    "class": "C",
    "N": 128,
    "ku": 26,
    "kv": 51,
    "L": 4,
    "n_cw": 2000,
    "time_s": 19.3,
    "sc_bler": 0.0355,
    "sc_errs": 71,
    "sc_ci": [
      0.028239757624593097,
      0.044541244626283415
    ],
    "scl_bler": 0.015,
    "scl_errs": 30,
    "scl_ci": [
      0.01052703012044565,
      0.0213325739520519
    ],
    "crc_scl_bler": 0.0125,
    "crc_scl_errs": 25,
    "crc_scl_ci": [
      0.008481021586816417,
      0.018388168073683698
    ],
    "crc_positions": [
      121,
      122,
      123,
      124,
      125,
      126,
      127,
      128
    ],
    "seed": 42
  },
  "128_extended": {
    "channel": "abnmac",
    "class": "C",
    "N": 128,
    "ku": 26,
    "kv": 51,
    "L": 4,
    "n_cw": 5000,
    "time_s": 49.9,
    "sc_bler": 0.03,
    "sc_errs": 150,
    "sc_ci": [
      0.025620458962522463,
      0.035101207366803396
    ],
    "scl_bler": 0.0144,
    "scl_errs": 72,
    "scl_ci": [
      0.011450896966502703,
      0.018094722543115668
    ],
    "crc_scl_bler": 0.0136,
    "crc_scl_errs": 68,
    "crc_scl_ci": [
      0.010742545429440987,
      0.01720430244839751
    ],
    "crc_positions": [
      121,
      122,
      123,
      124,
      125,
      126,
      127,
      128
    ],
    "seed": 99
  }
}