{
  "16": {
    "channel": "bemac",
    "class": "C",
    "N": 16,
    "ku": 5,
    "kv": 10,
    "skip_reason": "ku=5 <= CRC_BITS=8"
  },
  "32": {
    "channel": "bemac",
    "class": "C",
    "N": 32,
    "ku": 10,
    "kv": 19,
    "L": 4,
    "n_cw": 5000,
    "time_s": 12.8,
    "sc_bler": 0.047,
    "sc_errs": 235,
    "sc_ci": [
      0.04147340070070454,
      0.053222162803943575
    ],
    "scl_bler": 0.0106,
    "scl_errs": 53,
    "scl_ci": [
      0.00811341195175059,
      0.013838042306913394
    ],
    "crc_scl_bler": 0.0014,
    "crc_scl_errs": 7,
    "crc_scl_ci": [
      0.0006783239436107811,
      0.002887256549584687
    ],
    "crc_positions": [
      24,
      26,
      27,
      28,
      29,
      30,
      31,
      32
    ],
    "seed": 42
  },
  "64": {
    "channel": "bemac",
    "class": "C",
    "N": 64,
    "ku": 19,
    "kv": 38,
    "L": 4,
    "n_cw": 5000,
    "time_s": 26.6,
    "sc_bler": 0.0534,
    "sc_errs": 267,
    "sc_ci": [
      0.04750386840344274,
      0.059981868155444346
    ],
    "scl_bler": 0.0044,
    "scl_errs": 22,
    "scl_ci": [
      0.00290754291665071,
      0.006653431195719275
    ],
    "crc_scl_bler": 0.0002,
    "crc_scl_errs": 1,
    "crc_scl_ci": [
      3.5304875272480036e-05,
      0.0011321181702531819
    ],
    "crc_positions": [
      57,
      58,
      59,
      60,
      61,
      62,
      63,
      64
    ],
    "seed": 42
  },
  "128": {
    "channel": "bemac",
    "class": "C",
    "N": 128,
    "ku": 38,
    "kv": 77,
    "L": 4,
    "n_cw": 3000,
    "time_s": 34.2,
    "sc_bler": 0.027666666666666666,
    "sc_errs": 83,
    "sc_ci": [
      0.022374228427616327,
      0.034167235010402516
    ],
    "scl_bler": 0.001,
    "scl_errs": 3,
    "scl_ci": [
      0.0003401410630165598,
      0.002936196810458527
    ],
    "crc_scl_bler": 0.0003333333333333333,
    "crc_scl_errs": 1,
    "crc_scl_ci": [
      5.884242821930163e-05,
      0.0018858673061421909
    ],
    "crc_positions": [
      121,
      122,
      123,
      124,
      125,
      126,
      127,
      128
    ],
    "seed": 42
  },
  "256": {
    "channel": "bemac",
    "class": "C",
    "N": 256,
    "ku": 77,
    "kv": 154,
    "L": 4,
    "n_cw": 2000,
    "time_s": 49.5,
    "sc_bler": 0.017,
    "sc_errs": 34,
    "sc_ci": [
      0.012190606557782523,
      0.02366132904431298
    ],
    "scl_bler": 0.0005,
    "scl_errs": 1,
    "scl_ci": [
      8.826546015058292e-05,
      0.0028269350227618393
    ],
    "crc_scl_bler": 0.0005,
    "crc_scl_errs": 1,
    "crc_scl_ci": [
      8.826546015058292e-05,
      0.0028269350227618393
    ],
    "crc_positions": [
      249,
      250,
      251,
      252,
      253,
      254,
      255,
      256
    ],
    "seed": 42
  },
  "512": {
    "channel": "bemac",
    "class": "C",
    "N": 512,
    "ku": 154,
    "kv": 307,
    "L": 4,
    "n_cw": 500,
    "time_s": 28.1,
    "sc_bler": 0.002,
    "sc_errs": 1,
    "sc_ci": [
      0.000353127309584542,
      0.011240992747195207
    ],
    "scl_bler": 0.002,
    "scl_errs": 1,
    "scl_ci": [
      0.000353127309584542,
      0.011240992747195207
    ],
    "crc_scl_bler": 0.002,
    "crc_scl_errs": 1,
    "crc_scl_ci": [
      0.000353127309584542,
      0.011240992747195207
    ],
    "crc_positions": [
      505,
      506,
      507,
      508,
      509,
      510,
      511,
      512
    ],
    "seed": 42
  },
  "64_extended": {
    "channel": "bemac",
    "class": "C",
    "N": 64,
    "ku": 19,
    "kv": 38,
    "L": 4,
    "n_cw": 10000,
    "time_s": 54.8,
    "sc_bler": 0.0543,
    "sc_errs": 543,
    "sc_ci": [
      0.05002717929305323,
      0.05891512942962785
    ],
    "scl_bler": 0.0053,
    "scl_errs": 53,
    "scl_ci": [
      0.0040545030378426996,
      0.006925438907659515
    ],
    "crc_scl_bler": 0.0007,
    "crc_scl_errs": 7,
    "crc_scl_ci": [
      0.00033912200289172947,
      0.0014443528574059384
    ],
    "crc_positions": [
      57,
      58,
      59,
      60,
      61,
      62,
      63,
      64
    ],
    "seed": 99
  },
  "32_extended": {
    "channel": "bemac",
    "class": "C",
    "N": 32,
    "ku": 10,
    "kv": 19,
    "L": 4,
    "n_cw": 10000,
    "time_s": 25.9,
    "sc_bler": 0.0437,
    "sc_errs": 437,
    "sc_ci": [
      0.03986539893066449,
      0.04788505085654524
    ],
    "scl_bler": 0.0076,
    "scl_errs": 76,
    "scl_ci": [
      0.006076759374474527,
      0.009501416113629962
    ],
    "crc_scl_bler": 0.0008,
    "crc_scl_errs": 8,
    "crc_scl_ci": [
      0.0004054288421193391,
      0.0015779692156827755
    ],
    "crc_positions": [
      24,
      26,
      27,
      28,
      29,
      30,
      31,
      32
    ],
    "seed": 99
  },
  "128_extended": {
    "channel": "bemac",
    "class": "C",
    "N": 128,
    "ku": 38,
    "kv": 77,
    "L": 4,
    "n_cw": 10000,
    "time_s": 113.9,
    "sc_bler": 0.0252,
    "sc_errs": 252,
    "sc_ci": [
      0.022305562141804743,
      0.02845909610708236
    ],
    "scl_bler": 0.001,
    "scl_errs": 10,
    "scl_ci": [
      0.0005432800768105723,
      0.0018399643760004356
    ],
    "crc_scl_bler": 0.0,
    "crc_scl_errs": 0,
    "crc_scl_ci": [
      0,
      0.00038401247776654115
    ],
    "crc_positions": [
      121,
      122,
      123,
      124,
      125,
      126,
      127,
      128
    ],
    "seed": 99
  }
}