{
  "32": {
    "channel": "gmac",
    "class": "B",
    "N": 32,
    "ku": 15,
    "kv": 15,
    "L": 4,
    "n_cw": 3000,
    "time_s": 15.8,
    "sc_bler": 0.044333333333333336,
    "sc_errs": 133,
    "sc_ci": [
      0.03753206645262365,
      0.05230010046323505
    ],
    "scl_bler": 0.026333333333333334,
    "scl_errs": 79,
    "scl_ci": [
      0.021180831240235738,
      0.03269737591955592
    ],
    "crc_scl_bler": 0.0013333333333333333,
    "crc_scl_errs": 4,
    "crc_scl_ci": [
      0.0005186172629797156,
      0.0034235346800521676
    ],
    "crc_positions": [
      25,
      26,
      27,
      28,
      29,
      30,
      31,
      32
    ],
    "seed": 42
  },
  "64": {
    "channel": "gmac",
    "class": "B",
    "N": 64,
    "ku": 31,
    "kv": 31,
    "L": 4,
    "n_cw": 3000,
    "time_s": 33.2,
    "sc_bler": 0.03233333333333333,
    "sc_errs": 97,
    "sc_ci": [
      0.026577560099438548,
      0.03928530031237545
    ],
    "scl_bler": 0.015,
    "scl_errs": 45,
    "scl_ci": [
      0.011229317874161187,
      0.02001121092069937
    ],
    "crc_scl_bler": 0.002,
    "crc_scl_errs": 6,
    "crc_scl_ci": [
      0.0009169177531076662,
      0.004356862329037811
    ],
    "crc_positions": [
      57,
      58,
      59,
      60,
      61,
      62,
      63,
      64
    ],
    "seed": 42
  },
  "128": {
    "channel": "gmac",
    "class": "B",
    "N": 128,
    "ku": 62,
    "kv": 62,
    "L": 4,
    "n_cw": 3000,
    "time_s": 68.8,
    "sc_bler": 0.017,
    "sc_errs": 51,
    "sc_ci": [
      0.012953675419908658,
      0.022281737792292682
    ],
    "scl_bler": 0.008333333333333333,
    "scl_errs": 25,
    "scl_ci": [
      0.00565092618404757,
      0.012273321219677051
    ],
    "crc_scl_bler": 0.0,
    "crc_scl_errs": 0,
    "crc_scl_ci": [
      1.0842021724855044e-19,
      0.0012788956648046956
    ],
    "crc_positions": [
      121,
      122,
      123,
      124,
      125,
      126,
      127,
      128
    ],
    "seed": 42
  },
  "256": {
    "channel": "gmac",
    "class": "B",
    "N": 256,
    "ku": 123,
    "kv": 123,
    "L": 4,
    "n_cw": 2000,
    "time_s": 94.3,
    "sc_bler": 0.005,
    "sc_errs": 10,
    "sc_ci": [
      0.0027181513013266943,
      0.009179795123181112
    ],
    "scl_bler": 0.001,
    "scl_errs": 2,
    "scl_ci": [
      0.000274273176083379,
      0.0036390101892285302
    ],
    "crc_scl_bler": 0.0,
    "crc_scl_errs": 0,
    "crc_scl_ci": [
      0,
      0.0019171176005129348
    ],
    "crc_positions": [
      249,
      250,
      251,
      252,
      253,
      254,
      255,
      256
    ],
    "seed": 42
  },
  "512": {
    "channel": "gmac",
    "class": "B",
    "N": 512,
    "ku": 246,
    "kv": 246,
    "L": 4,
    "n_cw": 1000,
    "time_s": 97.5,
    "sc_bler": 0.0,
    "sc_errs": 0,
    "sc_ci": [
      0,
      0.003826898586390522
    ],
    "scl_bler": 0.0,
    "scl_errs": 0,
    "scl_ci": [
      0,
      0.003826898586390522
    ],
    "crc_scl_bler": 0.0,
    "crc_scl_errs": 0,
    "crc_scl_ci": [
      0,
      0.003826898586390522
    ],
    "crc_positions": [
      505,
      506,
      507,
      508,
      509,
      510,
      511,
      512
    ],
    "seed": 42
  },
  "1024": {
    "channel": "gmac",
    "class": "B",
    "N": 1024,
    "ku": 492,
    "kv": 492,
    "L": 4,
    "n_cw": 500,
    "time_s": 102.2,
    "sc_bler": 0.0,
    "sc_errs": 0,
    "sc_ci": [
      0,
      0.007624618530903363
    ],
    "scl_bler": 0.0,
    "scl_errs": 0,
    "scl_ci": [
      0,
      0.007624618530903363
    ],
    "crc_scl_bler": 0.0,
    "crc_scl_errs": 0,
    "crc_scl_ci": [
      0,
      0.007624618530903363
    ],
    "crc_positions": [
      1017,
      1018,
      1019,
      1020,
      1021,
      1022,
      1023,
      1024
    ],
    "seed": 42
  },
  "32_extended": {
    "channel": "gmac",
    "class": "B",
    "N": 32,
    "ku": 15,
    "kv": 15,
    "L": 4,
    "n_cw": 10000,
    "time_s": 53.7,
    "sc_bler": 0.0409,
    "sc_errs": 409,
    "sc_ci": [
      0.037191095865824496,
      0.044961504391260725
    ],
    "scl_bler": 0.0238,
    "scl_errs": 238,
    "scl_ci": [
      0.020990306435379698,
      0.026975427048445154
    ],
    "crc_scl_bler": 0.0023,
    "crc_scl_errs": 23,
    "crc_scl_ci": [
      0.0015331432202735716,
      0.0034491028000952426
    ],
    "crc_positions": [
      25,
      26,
      27,
      28,
      29,
      30,
      31,
      32
    ],
    "seed": 99
  },
  "64_extended": {
    "channel": "gmac",
    "class": "B",
    "N": 64,
    "ku": 31,
    "kv": 31,
    "L": 4,
    "n_cw": 10000,
    "time_s": 110.2,
    "sc_bler": 0.027,
    "sc_errs": 270,
    "sc_ci": [
      0.02400022561640319,
      0.030363050187563956
    ],
    "scl_bler": 0.0109,
    "scl_errs": 109,
    "scl_ci": [
      0.009044443879129442,
      0.013131197126621787
    ],
    "crc_scl_bler": 0.0005,
    "crc_scl_errs": 5,
    "crc_scl_ci": [
      0.00021358527533545964,
      0.001170043189953315
    ],
    "crc_positions": [
      57,
      58,
      59,
      60,
      61,
      62,
      63,
      64
    ],
    "seed": 99
  },
  "128_extended": {
    "channel": "gmac",
    "class": "B",
    "N": 128,
    "ku": 62,
    "kv": 62,
    "L": 4,
    "n_cw": 10000,
    "time_s": 229.8,
    "sc_bler": 0.0143,
    "sc_errs": 143,
    "sc_ci": [
      0.012152496969848785,
      0.016820532751053635
    ],
    "scl_bler": 0.0064,
    "scl_errs": 64,
    "scl_ci": [
      0.005015420431189329,
      0.0081636766868618
    ],
    "crc_scl_bler": 0.0001,
    "crc_scl_errs": 1,
    "crc_scl_ci": [
      1.765221952685649e-05,
      0.0005662834557441313
    ],
    "crc_positions": [
      121,
      122,
      123,
      124,
      125,
      126,
      127,
      128
    ],
    "seed": 99
  }
}