{
  "N16": {
    "N": 16,
    "ku": 4,
    "kv": 7,
    "n_cw": 10000,
    "errs_u": 1688,
    "errs_v": 1864,
    "errs_total": 1866,
    "bler_u": 0.1688,
    "bler_v": 0.1864,
    "bler_total": 0.1866,
    "wilson_95_ci": [
      0.17908490146568348,
      0.19435579755538054
    ],
    "time_s": 3.4008476734161377,
    "time_min": 0.05668079455693563
  },
  "N32": {
    "N": 32,
    "ku": 7,
    "kv": 15,
    "n_cw": 10000,
    "errs_u": 1035,
    "errs_v": 1114,
    "errs_total": 1129,
    "bler_u": 0.1035,
    "bler_v": 0.1114,
    "bler_total": 0.1129,
    "wilson_95_ci": [
      0.10684523882717217,
      0.11925206363311466
    ],
    "time_s": 7.425622224807739,
    "time_min": 0.12376037041346231
  },
  "N64": {
    "N": 64,
    "ku": 15,
    "kv": 29,
    "n_cw": 10000,
    "errs_u": 557,
    "errs_v": 782,
    "errs_total": 790,
    "bler_u": 0.0557,
    "bler_v": 0.0782,
    "bler_total": 0.079,
    "wilson_95_ci": [
      0.07387333295358135,
      0.08445000555269806
    ],
    "time_s": 16.5942440032959,
    "time_min": 0.276570733388265
  },
  "N128": {
    "N": 128,
    "ku": 30,
    "kv": 58,
    "n_cw": 10000,
    "errs_u": 554,
    "errs_v": 981,
    "errs_total": 1009,
    "bler_u": 0.0554,
    "bler_v": 0.0981,
    "bler_total": 0.1009,
    "wilson_95_ci": [
      0.09514895676480058,
      0.10695756199495267
    ],
    "time_s": 36.918617963790894,
    "time_min": 0.6153102993965149
  },
  "N256": {
    "N": 256,
    "ku": 59,
    "kv": 117,
    "n_cw": 10000,
    "errs_u": 222,
    "errs_v": 2255,
    "errs_total": 2256,
    "bler_u": 0.0222,
    "bler_v": 0.2255,
    "bler_total": 0.2256,
    "wilson_95_ci": [
      0.21751392228804792,
      0.23389682375975032
    ],
    "time_s": 83.46776700019836,
    "time_min": 1.391129450003306
  },
  "N512": {
    "N": 512,
    "ku": 119,
    "kv": 233,
    "n_cw": 10000,
    "errs_u": 149,
    "errs_v": 5017,
    "errs_total": 5018,
    "bler_u": 0.0149,
    "bler_v": 0.5017,
    "bler_total": 0.5018,
    "wilson_95_ci": [
      0.49200125408699075,
      0.5115973634680894
    ],
    "time_s": 232.5881471633911,
    "time_min": 3.876469119389852
  },
  "N1024": {
    "N": 1024,
    "ku": 238,
    "kv": 467,
    "n_cw": 10000,
    "errs_u": 406,
    "errs_v": 8701,
    "errs_total": 8704,
    "bler_u": 0.0406,
    "bler_v": 0.8701,
    "bler_total": 0.8704,
    "wilson_95_ci": [
      0.8636745776085715,
      0.876840945947899
    ],
    "time_s": 452.40542912483215,
    "time_min": 7.540090485413869
  }
}