{
  "256": {
    "N": 256,
    "ku": 59,
    "kv": 117,
    "n": 8,
    "d": 32,
    "hidden": 128,
    "s1_iters": 100000,
    "s2_iters": 30000,
    "Au": [
      16,
      32,
      48,
      56,
      60,
      62,
      64,
      80,
      88,
      92,
      94,
      96,
      104,
      108,
      110,
      112,
      116,
      120,
      124,
      126,
      127,
      128,
      144,
      152,
      156,
      158,
      160,
      168,
      172,
      174,
      176,
      180,
      184,
      188,
      190,
      191,
      192,
      200,
      204,
      208,
      212,
      216,
      220,
      222,
      224,
      232,
      236,
      238,
      239,
      240,
      244,
      246,
      247,
      248,
      250,
      252,
      254,
      255,
      256
    ],
    "Av": [
      24,
      32,
      40,
      44,
      55,
      58,
      60,
      61,
      62,
      63,
      64,
      79,
      80,
      106,
      107,
      108,
      109,
      110,
      111,
      112,
      114,
      115,
      116,
      118,
      119,
      120,
      122,
      123,
      124,
      125,
      126,
      127,
      128,
      136,
      140,
      142,
      143,
      144,
      148,
      150,
      151,
      152,
      154,
      155,
      156,
      158,
      159,
      160,
      164,
      166,
      167,
      168,
      170,
      172,
      174,
      175,
      176,
      178,
      180,
      182,
      183,
      184,
      186,
      187,
      188,
      189,
      190,
      191,
      192,
      196,
      198,
      199,
      200,
      202,
      203,
      204,
      206,
      207,
      208,
      210,
      212,
      214,
      215,
      216,
      218,
      219,
      220,
      221,
      222,
      223,
      224,
      228,
      230,
      231,
      232,
      234,
      235,
      236,
      237,
      238,
      239,
      240,
      242,
      243,
      244,
      245,
      246,
      247,
      248,
      249,
      250,
      251,
      252,
      253,
      254,
      255,
      256
    ],
    "eval": {
      "bler_u": 0.00162,
      "bler_v": 0.00152,
      "bler_chained": 0.00162,
      "errs_u": 81,
      "errs_v": 76,
      "errs_total": 81,
      "n_cw": 50000,
      "seed": 44256
    },
    "done": true
  },
  "512": {
    "N": 512,
    "ku": 119,
    "kv": 233,
    "n": 9,
    "d": 32,
    "hidden": 128,
    "s1_iters": 100000,
    "s2_iters": 30000,
    "Au": [
      32,
      48,
      56,
      60,
      64,
      80,
      88,
      92,
      96,
      104,
      108,
      112,
      116,
      120,
      124,
      126,
      127,
      128,
      144,
      152,
      156,
      160,
      168,
      172,
      176,
      184,
      188,
      190,
      191,
      192,
      200,
      208,
      216,
      220,
      222,
      223,
      224,
      232,
      236,
      238,
      239,
      240,
      244,
      246,
      248,
      252,
      254,
      255,
      256,
      272,
      280,
      288,
      296,
      304,
      312,
      316,
      318,
      319,
      320,
      328,
      336,
      344,
      348,
      350,
      351,
      352,
      360,
      364,
      366,
      368,
      372,
      374,
      376,
      380,
      382,
      383,
      384,
      400,
      408,
      412,
      414,
      415,
      416,
      424,
      428,
      430,
      432,
      436,
      438,
      440,
      444,
      446,
      447,
      448,
      456,
      460,
      462,
      464,
      468,
      472,
      476,
      478,
      479,
      480,
      488,
      492,
      494,
      495,
      496,
      500,
      502,
      503,
      504,
      506,
      507,
      508,
      510,
      511,
      512
    ],
    "Av": [
      103,
      104,
      106,
      107,
      108,
      109,
      110,
      111,
      112,
      114,
      116,
      119,
      120,
      122,
      123,
      216,
      218,
      219,
      220,
      221,
      222,
      223,
      224,
      228,
      230,
      231,
      232,
      234,
      235,
      236,
      237,
      238,
      239,
      240,
      242,
      243,
      244,
      245,
      246,
      247,
      248,
      249,
      250,
      251,
      252,
      253,
      254,
      255,
      256,
      264,
      268,
      270,
      271,
      272,
      276,
      278,
      279,
      280,
      282,
      283,
      284,
      286,
      287,
      288,
      292,
      294,
      295,
      296,
      298,
      299,
      300,
      302,
      303,
      304,
      306,
      308,
      310,
      311,
      312,
      314,
      315,
      316,
      317,
      318,
      319,
      320,
      324,
      326,
      327,
      328,
      330,
      332,
      334,
      335,
      336,
      338,
      340,
      342,
      343,
      344,
      346,
      347,
      348,
      349,
      350,
      351,
      352,
      356,
      358,
      359,
      360,
      362,
      363,
      364,
      365,
      366,
      367,
      368,
      370,
      371,
      372,
      373,
      374,
      375,
      376,
      377,
      378,
      379,
      380,
      381,
      382,
      383,
      384,
      388,
      390,
      391,
      392,
      394,
      396,
      398,
      399,
      400,
      404,
      406,
      407,
      408,
      410,
      411,
      412,
      413,
      414,
      415,
      416,
      420,
      422,
      423,
      424,
      426,
      427,
      428,
      429,
      430,
      431,
      432,
      434,
      435,
      436,
      437,
      438,
      439,
      440,
      441,
      442,
      443,
      444,
      445,
      446,
      447,
      448,
      452,
      454,
      455,
      456,
      458,
      459,
      460,
      461,
      462,
      463,
      464,
      466,
      467,
      468,
      469,
      470,
      471,
      472,
      473,
      474,
      475,
      476,
      477,
      478,
      479,
      480,
      482,
      483,
      484,
      486,
      487,
      488,
      490,
      491,
      492,
      493,
      494,
      495,
      496,
      498,
      499,
      500,
      501,
      502,
      503,
      504,
      505,
      506,
      507,
      508,
      509,
      510,
      511,
      512
    ],
    "eval": {
      "bler_u": 0.00021,
      "bler_v": 0.00018,
      "bler_chained": 0.00021,
      "errs_u": 21,
      "errs_v": 18,
      "errs_total": 21,
      "n_cw": 100000,
      "seed": 44512
    },
    "done": true
  },
  "1024": {
    "N": 1024,
    "ku": 239,
    "kv": 467,
    "n": 10,
    "d": 32,
    "hidden": 128,
    "s1_iters": 80000,
    "s2_iters": 25000,