{
  "N256_L1": {
    "N": 256,
    "L": 1,
    "bler": 0.042,
    "cw": 500,
    "time_s": 7.590623140335083
  },
  "N256_L4": {
    "N": 256,
    "L": 4,
    "bler": 0.026,
    "cw": 500,
    "time_s": 617.2621002197266
  },
  "N512_L1": {
    "N": 512,
    "L": 1,
    "bler": 0.045,
    "cw": 200,
    "time_s": 11.477420091629028
  },
  "N512_L4": {
    "N": 512,
    "L": 4,
    "bler": 0.045,
    "cw": 200,
    "time_s": 848.0649900436401
  }
}