{
  "N32": {
    "N": 32,
    "ku": 15,
    "kv": 15,
    "bler": 0.026333333333333334,
    "block_errors": 79,
    "ber_u": 0.004911111111111111,
    "ber_v": 0.0044,
    "cw": 3000,
    "time_s": 27.27252697944641
  },
  "N64": {
    "N": 64,
    "ku": 31,
    "kv": 31,
    "bler": 0.014333333333333333,
    "block_errors": 43,
    "ber_u": 0.0034408602150537634,
    "ber_v": 0.0012365591397849463,
    "cw": 3000,
    "time_s": 89.31379699707031
  },
  "N128": {
    "N": 128,
    "ku": 62,
    "kv": 62,
    "bler": 0.009,
    "block_errors": 27,
    "ber_u": 0.0014408602150537634,
    "ber_v": 0.001053763440860215,
    "cw": 3000,
    "time_s": 314.0035889148712
  }
}