{
  "64": {
    "N": 64,
    "ku": 31,
    "kv": 31,
    "snr_results": {
      "3": {
        "snr_dB": 3,
        "sigma2": 0.5011872336272722,
        "sc_bler": 0.5016666666666667,
        "nn_sc_bler": 0.849,
        "ratio": 1.692,
        "n_cw": 3000
      },
      "4": {
        "snr_dB": 4,
        "sigma2": 0.3981071705534972,
        "sc_bler": 0.26566666666666666,
        "nn_sc_bler": 0.62,
        "ratio": 2.334,
        "n_cw": 3000
      },
      "5": {
        "snr_dB": 5,
        "sigma2": 0.31622776601683794,
        "sc_bler": 0.109,
        "nn_sc_bler": 0.535,
        "ratio": 4.908,
        "n_cw": 3000
      },
      "6": {
        "snr_dB": 6,
        "sigma2": 0.251188643150958,
        "sc_bler": 0.025,
        "nn_sc_bler": 0.034666666666666665,
        "ratio": 1.387,
        "n_cw": 3000
      },
      "7": {
        "snr_dB": 7,
        "sigma2": 0.19952623149688797,
        "sc_bler": 0.8796666666666667,
        "nn_sc_bler": 0.9963333333333333,
        "ratio": 1.133,
        "n_cw": 3000
      },
      "8": {
        "snr_dB": 8,
        "sigma2": 0.15848931924611134,
        "sc_bler": 0.0023333333333333335,
        "nn_sc_bler": 0.002,
        "ratio": 0.857,
        "n_cw": 3000
      }
    }
  },
  "128": {
    "N": 128,
    "ku": 62,
    "kv": 62,
    "snr_results": {
      "3": {
        "snr_dB": 3,
        "sigma2": 0.5011872336272722,
        "sc_bler": 0.5356666666666666,
        "nn_sc_bler": 0.6883333333333334,
        "ratio": 1.285,
        "n_cw": 3000
      },
      "4": {
        "snr_dB": 4,
        "sigma2": 0.3981071705534972,
        "sc_bler": 0.22733333333333333,
        "nn_sc_bler": 0.3516666666666667,
        "ratio": 1.547,
        "n_cw": 3000
      },
      "5": {
        "snr_dB": 5,
        "sigma2": 0.31622776601683794,
        "sc_bler": 0.05433333333333333,
        "nn_sc_bler": 0.097,
        "ratio": 1.785,
        "n_cw": 3000
      },
      "6": {
        "snr_dB": 6,
        "sigma2": 0.251188643150958,
        "sc_bler": 0.012333333333333333,
        "nn_sc_bler": 0.023333333333333334,
        "ratio": 1.892,
        "n_cw": 3000
      },
      "7": {
        "snr_dB": 7,
        "sigma2": 0.19952623149688797,
        "sc_bler": 0.8806666666666667,
        "nn_sc_bler": 0.968,
        "ratio": 1.099,
        "n_cw": 3000
      },
      "8": {
        "snr_dB": 8,
        "sigma2": 0.15848931924611134,
        "sc_bler": 0.0016666666666666668,
        "nn_sc_bler": 0.002,
        "ratio": 1.2,
        "n_cw": 3000
      }
    }
  }
}