{
  "64": {
    "N": 64,
    "ku": 31,
    "kv": 31,
    "design_snr_dB": 6,
    "snr_results": {
      "3": {
        "snr_dB": 3,
        "sigma2": 0.5011872336272722,
        "design_snr_dB": 6,
        "sc_bler": 0.6406666666666667,
        "nn_sc_bler": 0.678,
        "ratio": 1.058,
        "n_cw": 3000
      },
      "4": {
        "snr_dB": 4,
        "sigma2": 0.3981071705534972,
        "design_snr_dB": 6,
        "sc_bler": 0.327,
        "nn_sc_bler": 0.36433333333333334,
        "ratio": 1.114,
        "n_cw": 3000
      },
      "5": {
        "snr_dB": 5,
        "sigma2": 0.31622776601683794,
        "design_snr_dB": 6,
        "sc_bler": 0.12033333333333333,
        "nn_sc_bler": 0.135,
        "ratio": 1.122,
        "n_cw": 3000
      },
      "6": {
        "snr_dB": 6,
        "sigma2": 0.251188643150958,
        "design_snr_dB": 6,
        "sc_bler": 0.02666666666666667,
        "nn_sc_bler": 0.025,
        "ratio": 0.938,
        "n_cw": 3000
      },
      "7": {
        "snr_dB": 7,
        "sigma2": 0.19952623149688797,
        "design_snr_dB": 6,
        "sc_bler": 0.008666666666666666,
        "nn_sc_bler": 0.011666666666666667,
        "ratio": 1.346,
        "n_cw": 3000
      },
      "8": {
        "snr_dB": 8,
        "sigma2": 0.15848931924611134,
        "design_snr_dB": 6,
        "sc_bler": 0.006333333333333333,
        "nn_sc_bler": 0.009,
        "ratio": 1.421,
        "n_cw": 3000
      }
    }
  },
  "128": {
    "N": 128,
    "ku": 62,
    "kv": 62,
    "design_snr_dB": 6,
    "snr_results": {
      "3": {
        "snr_dB": 3,
        "sigma2": 0.5011872336272722,
        "design_snr_dB": 6,
        "sc_bler": 0.7586666666666667,
        "nn_sc_bler": 0.81,
        "ratio": 1.068,
        "n_cw": 3000
      },
      "4": {
        "snr_dB": 4,
        "sigma2": 0.3981071705534972,
        "design_snr_dB": 6,
        "sc_bler": 0.3496666666666667,
        "nn_sc_bler": 0.4076666666666667,
        "ratio": 1.166,
        "n_cw": 3000
      },
      "5": {
        "snr_dB": 5,
        "sigma2": 0.31622776601683794,
        "design_snr_dB": 6,
        "sc_bler": 0.09233333333333334,
        "nn_sc_bler": 0.11066666666666666,
        "ratio": 1.199,
        "n_cw": 3000
      },
      "6": {
        "snr_dB": 6,
        "sigma2": 0.251188643150958,
        "design_snr_dB": 6,
        "sc_bler": 0.013666666666666667,
        "nn_sc_bler": 0.019333333333333334,
        "ratio": 1.415,
        "n_cw": 3000
      },
      "7": {
        "snr_dB": 7,
        "sigma2": 0.19952623149688797,
        "design_snr_dB": 6,
        "sc_bler": 0.006,
        "nn_sc_bler": 0.009,
        "ratio": 1.5,
        "n_cw": 3000
      },
      "8": {
        "snr_dB": 8,
        "sigma2": 0.15848931924611134,
        "design_snr_dB": 6,
        "sc_bler": 0.005666666666666667,
        "nn_sc_bler": 0.006,
        "ratio": 1.059,
        "n_cw": 3000
      }
    }
  }
}