{
  "description": "GMAC 6dB Class B SCL(L=4) fixed-rate",
  "channel": "Gaussian MAC",
  "snr_db": 6.0,
  "sigma2": 0.251188643150958,
  "class": "B",
  "L": 4,
  "path_i_frac": 0.5,
  "timestamp": "2026-03-29T13:45:09.118714",
  "results": {
    "32": {
      "N": 32,
      "ku": 15,
      "kv": 15,
      "Ru": 0.4688,
      "Rv": 0.4688,
      "L": 4,
      "path_i": 16,
      "bler": 0.0264,
      "ber_u": 0.00548,
      "ber_v": 0.0038266666666666666,
      "block_errors": 132,
      "n_codewords": 5000,
      "time_s": 27.9
    },
    "64": {
      "N": 64,
      "ku": 31,
      "kv": 31,
      "Ru": 0.4844,
      "Rv": 0.4844,
      "L": 4,
      "path_i": 32,
      "bler": 0.0126,
      "ber_u": 0.0030838709677419355,
      "ber_v": 0.0006645161290322581,
      "block_errors": 63,
      "n_codewords": 5000,
      "time_s": 59.4
    },
    "128": {
      "N": 128,
      "ku": 62,
      "kv": 62,
      "Ru": 0.4844,
      "Rv": 0.4844,
      "L": 4,
      "path_i": 64,
      "bler": 0.0084,
      "ber_u": 0.0008419354838709677,
      "ber_v": 0.0006419354838709678,
      "block_errors": 42,
      "n_codewords": 5000,
      "time_s": 125.6
    },
    "256": {
      "N": 256,
      "ku": 123,
      "kv": 123,
      "Ru": 0.4805,
      "Rv": 0.4805,
      "L": 4,
      "path_i": 128,
      "bler": 0.0005,
      "ber_u": 8.130081300813007e-06,
      "ber_v": 8.130081300813007e-06,
      "block_errors": 1,
      "n_codewords": 2000,
      "time_s": 133.9
    }
  }
}