{
  "32": {
    "N": 32,
    "ku": 16,
    "kv": 22,
    "bler": 0.0076,
    "errs": 114,
    "total": 15000,
    "ci_lo": 0.006330718699091908,
    "ci_hi": 0.009121430569132838,
    "time_s": 32.3,
    "ckpt": "ncg_pure_neural_N32.pt"
  },
  "64": {
    "N": 64,
    "ku": 32,
    "kv": 45,
    "bler": 0.0032083333333333334,
    "errs": 154,
    "total": 48000,
    "ci_lo": 0.0027406357027536677,
    "ci_hi": 0.003755544386299872,
    "time_s": 377.9,
    "ckpt": "ncg_pure_neural_N64.pt"
  },
  "128": {
    "N": 128,
    "ku": 64,
    "kv": 90,
    "bler": 0.00172,
    "errs": 86,
    "total": 50000,
    "ci_lo": 0.0013930699647103954,
    "ci_hi": 0.0021234918508121945,
    "time_s": 1616.2,
    "ckpt": "ncg_pure_neural_N128.pt"
  }
}