{
  "16": {
    "N": 16,
    "ku": 3,
    "kv": 6,
    "stage1_bler": 0.848,
    "time_min": 0.7928091684977213
  },
  "32": {
    "N": 32,
    "ku": 6,
    "kv": 13,
    "stage1_bler": 0.986,
    "time_min": 2.075381604830424
  },
  "64": {
    "N": 64,
    "ku": 13,
    "kv": 26,
    "stage1_bler": 1.0,
    "time_min": 4.82538179953893
  },
  "128": {
    "N": 128,
    "ku": 26,
    "kv": 51,
    "stage1_bler": 1.0,
    "time_min": 76.98768408298493
  }
}