{
  "16": {
    "N": 16,
    "ku": 4,
    "kv": 8,
    "stage1_bler": 0.944,
    "time_min": 0.8941358168919881
  },
  "32": {
    "N": 32,
    "ku": 8,
    "kv": 16,
    "stage1_bler": 0.994,
    "time_min": 2.3987610658009846
  },
  "64": {
    "N": 64,
    "ku": 16,
    "kv": 32,
    "stage1_bler": 1.0,
    "time_min": 5.89336906671524
  },
  "128": {
    "N": 128,
    "ku": 32,
    "kv": 64,
    "stage1_bler": 0.462,
    "time_min": 18.2484006802241
  }
}