{"mi_npd": [0.0, 0.0, 0.0, 0.0, 0.0, 0.0, 0.0, 5.730740986092209e-06, 0.0, 0.0, 0.0, 1.171188482468378e-05, 0.0, 0.0, 0.0, 0.0, 0.0, 0.0, 0.0, 0.0, 0.0, 0.0, 0.0, 0.0, 0.0, 0.0, 0.0, 0.0, 0.0, 0.0, 0.0, 0.0, 0.0, 0.0, 0.0, 7.942025117783829e-06, 0.0, 0.0, 1.4584517500910396e-07, 0.0, 0.0, 6.769625842910982e-08, 0.0, 0.0, 0.0, 0.0, 0.0, 0.0, 0.0, 1.9757755644322317e-07, 0.0, 0.0, 0.0, 0.0, 1.2076212872277705e-05, 0.0, 0.0, 0.0, 0.0, 0.0, 0.0, 0.0, 0.0, 0.0, 0.0, 0.0, 0.0, 0.0, 0.0, 0.0, 8.310590403765106e-08, 0.0, 0.0, 0.0, 0.0, 0.0, 0.0, 0.0, 0.00017308499474879893, 0.0, 0.0, 0.0, 0.0, 0.0, 0.0, 0.0, 0.0, 0.0, 0.0, 0.0, 0.0, 0.0, 0.0, 0.0, 0.0, 0.0, 0.0, 0.0, 0.0, 0.0, 0.0, 0.0, 1.185497439027083e-05, 0.0, 0.0, 0.0, 3.081544251028293e-05, 0.0, 0.0, 0.0, 0.0, 0.0, 0.0, 1.2623255288177492e-05, 5.796063377793411e-05, 0.0, 3.2069127241975556e-05, 0.0, 0.0, 0.0, 1.0495623517834534e-05, 0.0, 0.0, 0.0, 0.0, 0.0, 0.0, 0.0, 0.0, 0.0, 0.0, 0.0, 0.0, 0.0, 0.0, 0.0, 0.0, 0.0, 0.0, 0.0, 0.0, 0.0, 0.0, 0.0, 0.0, 0.0, 0.0, 0.0, 0.0, 0.0004148050970891571, 0.0, 0.0, 0.0, 0.0, 0.0, 0.0, 0.0, 0.0, 0.0, 0.0, 0.0, 0.0, 0.0, 0.0, 0.0, 7.253155430365548e-05, 0.0, 0.0, 0.0, 0.0, 0.0, 0.0, 2.324160173853288e-05, 0.0, 0.0, 0.0, 0.0, 0.0, 0.0, 0.0, 0.0, 0.0, 0.0, 0.0, 3.0109385522018123e-06, 0.0, 0.0, 0.0, 0.0, 0.0, 0.0, 0.0, 0.0, 0.0, 0.0, 0.0, 0.0, 0.0, 9.415899178710606e-05, 0.0, 0.0, 0.0, 2.532630663926379e-05, 0.0, 0.0, 0.0, 0.0, 0.0, 0.0, 0.0, 0.0, 0.0, 6.439584679920651e-06, 0.0, 0.0, 0.0, 0.0, 0.0, 0.0, 0.0, 0.0, 0.0, 0.0, 0.0, 0.0, 0.0, 0.0, 0.0, 1.0293096748169265e-05, 0.0, 0.0, 0.0, 0.0, 0.0, 0.0, 0.0, 0.0, 0.0, 0.0, 0.0, 0.0, 0.0, 0.0, 0.0, 0.0, 0.0, 0.0, 0.0, 0.0, 0.0, 0.0, 0.0, 0.0, 0.0, 0.0, 0.0], "mi_sc": [0.4965810863114437, 0.5076764288478905, 0.4997419687782222, 0.4958715004515546, 0.5052896400464456, 0.4989033673074442, 0.5096761708166688, 0.5013546639143336, 0.5031608824667785, 0.4986453360856664, 0.504644561992001, 0.49122693845955356, 0.49832279705844407, 0.5006450780544446, 0.5018062185524448, 0.5003225390272223, 0.4949683911753322, 0.5047735776028899, 0.5030318668558895, 0.5050961166301122, 0.498451812669333, 0.49806476583666626, 0.5033544058831119, 0.5031608824667785, 0.5054186556573346, 0.5031608824667785, 0.4949683911753322, 0.49922590633466646, 0.4993549219455554, 0.4956134692297768, 0.5047090697974455, 0.5601857824796801, 0.5034834214940007, 0.4961295316733325, 0.5042575151593343, 0.4947748677589988, 0.5047090697974455, 0.500838601470778, 0.5007095858598891, 0.500838601470778, 0.4950328989807766, 0.5012901561088892, 0.49825828925299964, 0.5059347181008902, 0.4963875628951103, 0.5023222809960005, 0.4999354921945556, 0.5995355438007999, 0.49522642239711, 0.5014836795252225, 0.49213004773577607, 0.5052251322410012, 0.4958715004515546, 0.5178686621081151, 0.5218681460456716, 0.6628822087472583, 0.5031608824667785, 0.5323184105276739, 0.5384466520448974, 0.7356470132886079, 0.5719262030705715, 0.8084118178299574, 0.8590504451038575, 0.9860018062185525, 0.5, 0.493807250677332, 0.4976777190039995, 0.493807250677332, 0.5057411946845568, 0.5025158044123339, 0.4912914462649981, 0.5047090697974455, 0.5041284995484454, 0.4999354921945556, 0.5025158044123339, 0.5034189136885563, 0.508708553735002, 0.5186427557734485, 0.5303831763643401, 0.7048767900916011, 0.4949038833698878, 0.4981292736421107, 0.5026448200232227, 0.526577215843117, 0.49735517997677714, 0.5418010579280093, 0.5727002967359051, 0.7935105147722874, 0.5038059605212231, 0.5892142949296865, 0.6312088762740291, 0.8695652173913043, 0.6990710876015997, 0.9223326022448717, 0.9496839117533221, 0.9980647658366663, 0.5020642497742227, 0.5066443039607793, 0.5094826474003354, 0.5755386401754612, 0.5139981937814475, 0.6179202683524707, 0.6715262546768159, 0.9065926977164237, 0.5268997548703394, 0.7047477744807122, 0.7592568700812798, 0.9559411688814347, 0.8302154560701844, 0.9799380725067733, 0.987485485743775, 1.0, 0.5784414914204619, 0.813120887627403, 0.8645981163720811, 0.985227712553219, 0.9118178299574249, 0.994387820926332, 0.9974841955876661, 1.0, 0.9465230292865436, 0.9981937814475551, 0.9987098438911108, 1.0, 0.9992259063346665, 1.0, 1.0, 1.0, 0.49941942975099984, 0.49780673461488845, 0.49071087601599794, 0.49690362533866594, 0.5009031092762224, 0.5012901561088892, 0.5086440459295575, 0.538382144239453, 0.49961295316733323, 0.4947103599535544, 0.4993549219455554, 0.5668300864404593, 0.5039994839375564, 0.5926977164236873, 0.6404980002580312, 0.8838859501999742, 0.5009031092762224, 0.5062572571281125, 0.5167720294155593, 0.6248871113404721, 0.5189652948006709, 0.6772674493613727, 0.743258934331054, 0.9469100761192104, 0.5495419945813443, 0.7691265643142821, 0.8298929170429622, 0.9787124242033286, 0.8848535672816411, 0.9903238291833312, 0.9942588053154432, 1.0, 0.502386788801445, 0.5300606373371177, 0.5429621984260096, 0.7488066055992775, 0.5835376080505741, 0.8217004257515159, 0.8713714359437492, 0.985937298413108, 0.6628177009418139, 0.8924009805186428, 0.9314282028125404, 0.9954844536188879, 0.9603922074571023, 0.9987743516965553, 0.9994194297509998, 1.0, 0.7525480583150561, 0.9537479034963231, 0.9732292607405496, 0.999161398529222, 0.9840665720552186, 1.0, 0.999870984389111, 1.0, 0.992968649206554, 0.9999354921945556, 0.999870984389111, 1.0, 0.9997419687782222, 1.0, 1.0, 1.0, 0.5108373113146691, 0.6008902077151335, 0.6516578505999227, 0.8854341375306412, 0.7181008902077151, 0.9347826086956522, 0.9592955747645465, 0.9985808282802219, 0.8024125919236228, 0.9704554251064379, 0.9843246032769966, 0.9998064765836666, 0.9894207199071088, 0.9999354921945556, 1.0, 1.0, 0.8749193652431944, 0.989743258934331, 0.9956134692297768, 1.0, 0.9967746097277771, 1.0, 1.0, 1.0, 0.9985808282802219, 1.0, 1.0, 1.0, 1.0, 1.0, 1.0, 1.0, 0.9296864920655399, 0.9969036253386659, 0.9980002580312218, 1.0, 0.9993549219455554, 1.0, 1.0, 1.0, 0.9994839375564444, 1.0, 1.0, 1.0, 1.0, 1.0, 1.0, 1.0, 0.9997419687782222, 1.0, 1.0, 1.0, 1.0, 1.0, 1.0, 1.0, 1.0, 1.0, 1.0, 1.0, 1.0, 1.0, 1.0, 1.0], "N": 256}