{"mi_u": [0.0, 0.0, 0.0, 0.0, 0.0, 0.0, 0.0, 0.999999926162116, 0.0, 0.0, 0.0, 0.9999999995413796, 0.0, 0.999999994037935, 0.9999999183655703, 0.9999998431518223, 0.0, 0.0, 0.0, 0.999999997706898, 0.0, 0.9999999931206941, 0.9999998752552506, 0.9999998734207687, 1.0, 1.0, 0.9999998816759322, 0.999999944965553, 0.999999926162116, 0.9999998738793866, 0.999998715404281, 0.998845023299938, 0.0, 0.0, 0.9825179756323257, 0.9999691202022274, 0.990665977528036, 0.9999662164781793, 0.9999974723879512, 0.99999999898416, 0.9973173963050949, 0.9999992704243189, 0.9999976163213382, 0.9999999999497827, 0.9999978541374892, 0.9750256387824273, 0.9781700083370677, 0.9888350461961072, 0.9972666169158614, 0.9999995890430851, 0.9999819463419248, 0.9783083374765542, 0.9998820245726677, 0.9820379854899122, 0.9793923293451835, 0.9925150140648116, 0.9999955413184166, 0.9795535173974758, 0.97707647277493, 0.9889120574742961, 0.9796263318958992, 0.9891022857377166, 0.9903416041405569, 0.9953048121610838], "mi_v": [0.0, 0.0, 0.0, 0.0, 0.0, 0.0, 0.0, 0.9825013766192885, 0.0, 0.0, 0.0, 0.9943054414670405, 0.0, 0.9978091037733092, 0.9966693712190535, 0.9999993949201544, 0.0, 0.0, 0.0, 0.9946793438425464, 0.0, 0.9997178386750848, 0.9998439688974595, 0.9999997001960802, 0.979101873489322, 0.999645708433319, 0.9999528459712463, 0.999999864936609, 0.9999747478133014, 0.999999748095456, 0.9999954494887977, 0.8839286294608828, 0.0, 0.0, 0.9999991974143233, 0.9999995867830344, 0.9999995872416215, 0.9999997000622641, 0.9999998908483417, 0.9999967210935921, 0.9999997963725388, 0.9999999197414292, 0.9999999885344893, 0.9999998445276863, 0.9999994721279202, 0.9970365414143082, 0.9993822648124984, 0.9999993683793404, 0.9999996344795435, 0.9999997959139311, 0.9999854460259042, 0.9978494441179486, 0.9999997672501423, 0.9988169807225461, 0.9992042745674699, 0.9999994906286974, 0.9999999468000349, 0.9994554545992358, 0.9999935549445168, 0.999999408229515, 0.9999984287017707, 0.9999995616923218, 0.9999998372845904, 0.9999996430043688], "mi_sum": [0.0, 0.0, 0.0, 0.0, 0.0, 0.0, 0.0, 1.9825013027814045, 0.0, 0.0, 0.0, 1.9943054410084202, 0.0, 1.9978090978112442, 1.9966692895846239, 1.9999992380719767, 0.0, 0.0, 0.0, 1.9946793415494444, 0.0, 1.9997178317957789, 1.9998438441527102, 1.999999573616849, 1.979101873489322, 1.999645708433319, 1.9999527276471785, 1.999999809902162, 1.9999746739754174, 1.9999996219748426, 1.9999941648930788, 1.8827736527608208, 0.0, 0.0, 1.982517173046649, 1.9999687069852619, 1.9906655647696576, 1.9999659165404435, 1.999997363236293, 1.999996720077752, 1.9973171926776336, 1.9999991901657481, 1.9999976048558277, 1.9999998444774691, 1.9999973262654094, 1.9720621801967355, 1.977552273149566, 1.9888344145754475, 1.997266251395405, 1.9999993849570161, 1.9999673923678292, 1.9761577815945028, 1.99988179182281, 1.9808549662124584, 1.9785966039126532, 1.992514504693509, 1.9999954881184516, 1.9790089719967114, 1.9770700277194468, 1.9889114657038112, 1.97962476059767, 1.9891018474300384, 1.9903414414251475, 1.9953044551654526], "N": 64}