{
  "16": {
    "N": 16,
    "ku": 4,
    "kv": 8,
    "stage1_bler": 0.068,
    "time_min": 8.569795032342276
  },
  "32": {
    "N": 32,
    "ku": 8,
    "kv": 16,
    "stage1_bler": 0.01,
    "time_min": 129.35692466894787
  },
  "64": {
    "N": 64,
    "ku": 16,
    "kv": 32,
    "stage1_bler": 0.074,
    "time_min": 214.38543130159377
  },
  "128": {
    "N": 128,
    "ku": 32,
    "kv": 64,
    "stage1_bler": 0.06,
    "time_min": 178.89803651968637
  }
}