{
  "16": {
    "N": 16,
    "ku": 3,
    "kv": 6,
    "stage1_bler": 0.026,
    "time_min": 8.24427760442098
  },
  "32": {
    "N": 32,
    "ku": 6,
    "kv": 13,
    "stage1_bler": 0.002,
    "time_min": 129.36089119911193
  },
  "64": {
    "N": 64,
    "ku": 13,
    "kv": 26,
    "stage1_bler": 0.08,
    "time_min": 216.39620425303778
  },
  "128": {
    "N": 128,
    "ku": 26,
    "kv": 51,
    "stage1_bler": 0.244,
    "time_min": 182.52049351930617
  }
}