{
  "16": {
    "N": 16,
    "n": 4,
    "ku": 4,
    "kv": 7,
    "sc_bler": 0.1626,
    "target_1_5x": 0.244,
    "stage1_bler": 0.08,
    "stage1_time_min": 2.1873799840609234,
    "stage2_bler": 0.008,
    "stage2_time_min": 0.7018201351165771,
    "chained_bler": 0.181,
    "chained_ci_low": 0.17057403309244193,
    "chained_ci_high": 0.19191577873533458,
    "chained_errs_u": 883,
    "chained_errs_v": 889,
    "chained_errs_total": 905,
    "eval_cw": 5000,
    "eval_time_min": 0.023879432678222658,
    "ratio_to_sc": 1.1131611316113161,
    "pass_1_5x": true
  },
  "32": {
    "N": 32,
    "n": 5,
    "ku": 7,
    "kv": 15,
    "sc_bler": 0.0684,
    "target_1_5x": 0.103,
    "stage1_bler": 0.134,
    "stage1_time_min": 7.342328464984893,
    "stage2_bler": 0.0,
    "stage2_time_min": 2.4161125818888345,
    "chained_bler": 0.159,
    "chained_ci_low": 0.14912628200866054,
    "chained_ci_high": 0.16939730994516952,
    "chained_errs_u": 794,
    "chained_errs_v": 768,
    "chained_errs_total": 795,
    "eval_cw": 5000,
    "eval_time_min": 0.05056188106536865,
    "ratio_to_sc": 2.324561403508772,
    "pass_1_5x": false
  }
}