{
  "N16": {
    "N": 16,
    "decoder": "trellis_sc_chained",
    "n_cw": 10000,
    "errs_u": 1662,
    "errs_v": 1689,
    "errs_total": 1689,
    "bler_u": 0.1662,
    "bler_v": 0.1689,
    "bler_total": 0.1689,
    "time_min": 0.10234354734420777,
    "ci": [
      0.16168404983181098,
      0.17637024323096603
    ],
    "wilson_95_ci": [
      0.16168404983181098,
      0.17637024323096603
    ]
  },
  "N32": {
    "N": 32,
    "decoder": "trellis_sc_chained",
    "n_cw": 10000,
    "errs_u": 821,
    "errs_v": 819,
    "errs_total": 822,
    "bler_u": 0.0821,
    "bler_v": 0.0819,
    "bler_total": 0.0822,
    "time_min": 0.23269214630126953,
    "ci": [
      0.0769755675337151,
      0.0877453132927066
    ],
    "wilson_95_ci": [
      0.0769755675337151,
      0.0877453132927066
    ]
  },
  "N64": {
    "N": 64,
    "decoder": "trellis_sc_chained",
    "n_cw": 10000,
    "errs_u": 403,
    "errs_v": 403,
    "errs_total": 407,
    "bler_u": 0.0403,
    "bler_v": 0.0403,
    "bler_total": 0.0407,
    "time_min": 0.5030808011690776,
    "ci": [
      0.037000257242792566,
      0.04475249661928377
    ],
    "wilson_95_ci": [
      0.037000257242792566,
      0.04475249661928377
    ]
  },
  "N128": {
    "N": 128,
    "decoder": "trellis_sc_chained",
    "n_cw": 10000,
    "errs_u": 222,
    "errs_v": 180,
    "errs_total": 223,
    "bler_u": 0.0222,
    "bler_v": 0.018,
    "bler_total": 0.0223,
    "time_min": 1.1628673156102498,
    "ci": [
      0.019584104226488475,
      0.025382781294769678
    ],
    "wilson_95_ci": [
      0.019584104226488475,
      0.025382781294769678
    ]
  },
  "N256": {
    "N": 256,
    "decoder": "trellis_sc_chained",
    "n_cw": 10000,
    "errs_u": 56,
    "errs_v": 60,
    "errs_total": 61,
    "bler_u": 0.0056,
    "bler_v": 0.006,
    "bler_total": 0.0061,
    "time_min": 2.470063865184784,
    "ci": [
      0.004752081455057901,
      0.007827246070479887
    ],
    "wilson_95_ci": [
      0.004752081455057901,
      0.007827246070479887
    ]
  },
  "N512": {
    "N": 512,
    "ku": 119,
    "kv": 233,
    "n_cw": 10000,
    "errs_u": 40,
    "errs_v": 34,
    "errs_total": 41,
    "bler_u": 0.004,
    "bler_v": 0.0034,
    "bler_total": 0.0041,
    "wilson_95_ci": [
      0.0030238378611372654,
      0.005557025714311589
    ],
    "time_s": 258.00097274780273,
    "time_min": 4.300016212463379
  },
  "N1024": {
    "N": 1024,
    "ku": 238,
    "kv": 467,
    "n_cw": 10000,
    "errs_u": 48,
    "errs_v": 68,
    "errs_total": 74,
    "bler_u": 0.0048,
    "bler_v": 0.0068,
    "bler_total": 0.0074,
    "wilson_95_ci": [
      0.005899061875743287,
      0.009279267217352309
    ],
    "time_s": 558.9967312812805,
    "time_min": 9.316612188021342
  }
}