{
  "trellis_sc": {
    "N16": {
      "N": 16,
      "ku": 4,
      "kv": 7,
      "n_cw": 5000,
      "errs_u": 1899,
      "errs_v": 2801,
      "errs_total": 2852,
      "bler_u": 0.3798,
      "bler_v": 0.5602,
      "bler_total": 0.5704,
      "wilson_95_ci": [
        0.5566298859554931,
        0.5840620176411356
      ],
      "time_s": 5.041538238525391,
      "time_min": 0.0840256373087565
    },
    "N32": {
      "N": 32,
      "ku": 7,
      "kv": 15,
      "n_cw": 5000,
      "errs_u": 2408,
      "errs_v": 3330,
      "errs_total": 3436,
      "bler_u": 0.4816,
      "bler_v": 0.666,
      "bler_total": 0.6872,
      "wilson_95_ci": [
        0.6742091420357902,
        0.6999034198006996
      ],
      "time_s": 10.285605907440186,
      "time_min": 0.1714267651240031
    },
    "N64": {
      "N": 64,
      "ku": 15,
      "kv": 29,
      "n_cw": 5000,
      "errs_u": 3411,
      "errs_v": 4464,
      "errs_total": 4488,
      "bler_u": 0.6822,
      "bler_v": 0.8928,
      "bler_total": 0.8976,
      "wilson_95_ci": [
        0.8888888888888888,
        0.905700612105707
      ],
      "time_s": 21.36344814300537,
      "time_min": 0.3560574690500895
    }
  },
  "memoryless_sc": {
    "N16": {
      "N": 16,
      "ku": 4,
      "kv": 7,
      "n_cw": 5000,
      "errs_u": 1822,
      "errs_v": 3037,
      "errs_total": 3080,
      "bler_u": 0.3644,
      "bler_v": 0.6074,
      "bler_total": 0.616,
      "wilson_95_ci": [
        0.6024346719814906,
        0.6293872146265906
      ],
      "time_s": 1.8006830215454102,
      "time_min": 0.030011383692423503
    },
    "N32": {
      "N": 32,
      "ku": 7,
      "kv": 15,
      "n_cw": 5000,
      "errs_u": 2352,
      "errs_v": 3855,
      "errs_total": 3920,
      "bler_u": 0.4704,
      "bler_v": 0.771,
      "bler_total": 0.784,
      "wilson_95_ci": [
        0.7723776658095096,
        0.7951862634723446
      ],
      "time_s": 3.9876198768615723,
      "time_min": 0.0664603312810262
    },
    "N64": {
      "N": 64,
      "ku": 15,
      "kv": 29,
      "n_cw": 5000,
      "errs_u": 3380,
      "errs_v": 4695,
      "errs_total": 4705,
      "bler_u": 0.676,
      "bler_v": 0.939,
      "bler_total": 0.941,
      "wilson_95_ci": [
        0.9341239820825827,
        0.947198879936071
      ],
      "time_s": 8.95432186126709,
      "time_min": 0.14923869768778483
    }
  }
}