{
  "N16": {
    "N": 16,
    "ku": 4,
    "kv": 7,
    "n_cw": 5000,
    "errs_u": 818,
    "errs_v": 827,
    "errs_total": 827,
    "bler_u": 0.1636,
    "bler_v": 0.1654,
    "bler_total": 0.1654,
    "wilson_95_ci": [
      0.15535903626483918,
      0.1759547287432298
    ],
    "time_s": 1.7482929229736328,
    "time_min": 0.029138215382893882
  },
  "N32": {
    "N": 32,
    "ku": 7,
    "kv": 15,
    "n_cw": 5000,
    "errs_u": 347,
    "errs_v": 347,
    "errs_total": 348,
    "bler_u": 0.0694,
    "bler_v": 0.0694,
    "bler_total": 0.0696,
    "wilson_95_ci": [
      0.06287180550285475,
      0.07698905659957471
    ],
    "time_s": 3.8680849075317383,
    "time_min": 0.06446808179219564
  },
  "N64": {
    "N": 64,
    "ku": 15,
    "kv": 29,
    "n_cw": 5000,
    "errs_u": 146,
    "errs_v": 146,
    "errs_total": 146,
    "bler_u": 0.0292,
    "bler_v": 0.0292,
    "bler_total": 0.0292,
    "wilson_95_ci": [
      0.024882369792375313,
      0.034240524905170676
    ],
    "time_s": 8.655563116073608,
    "time_min": 0.14425938526789348
  },
  "N128": {
    "N": 128,
    "ku": 30,
    "kv": 58,
    "n_cw": 5000,
    "errs_u": 26,
    "errs_v": 20,
    "errs_total": 26,
    "bler_u": 0.0052,
    "bler_v": 0.004,
    "bler_total": 0.0052,
    "wilson_95_ci": [
      0.003551144035724963,
      0.007608601708424892
    ],
    "time_s": 19.70682692527771,
    "time_min": 0.3284471154212952
  }
}