{
  "experiment": "BEMAC Class B Ru=0.50 Rv=0.70 \u2014 four-way SC vs NN-SC vs SCL(L=4) vs NN-SCL(L=4)",
  "started": "2026-04-09 16:16:26",
  "data": {
    "32": {
      "N": 32,
      "ku": 16,
      "kv": 22,
      "sc": {
        "errors": 435,
        "total": 50000,
        "bler": 0.0087,
        "ci_lo": 0.00792288471126623,
        "ci_hi": 0.009552604611938088,
        "ms_per_cw": 0.0642768274305854
      },
      "nn_sc": {
        "errors": 421,
        "total": 50000,
        "bler": 0.00842,
        "ci_lo": 0.007655983578102682,
        "ci_hi": 0.009259548767716123,
        "ms_per_cw": 0.32915410242509097
      },
      "scl4": {
        "errors": 170,
        "total": 20000,
        "bler": 0.0085,
        "ci_lo": 0.007318693042783401,
        "ci_hi": 0.00987008533666548,
        "ms_per_cw": 4.954917665343965
      },
      "nn_scl4": {
        "errors": 171,
        "total": 20000,
        "bler": 0.00855,
        "ci_lo": 0.007364990168510768,
        "ci_hi": 0.009923769006626873,
        "ms_per_cw": 47.20027860707487
      },
      "ratios": {
        "nn_sc_vs_sc": 0.9678160919540231,
        "nn_scl_vs_sc": 0.9827586206896552,
        "nn_scl_vs_scl": 1.0058823529411764,
        "nn_scl_vs_nn_sc": 1.015439429928741
      }
    }
  }
}