{
  "N": 32,
  "path_i": 16,
  "n_samples": 5120,
  "mi_u": [
    0.00014193894770930804,
    0.00040096139674083986,
    0.0005305600405446365,
    0.00046170647634657946,
    0.00034750621278245575,
    0.0016766584689481556,
    0.002411473392217034,
    0.0072786382486826895,
    0.00035509847527825933,
    0.001098195723966633,
    0.0014549514981909706,
    0.004413668411267002,
    0.002225247080409609,
    0.007197629934864169,
    0.023247466639878644,
    0.17477801576757224,
    0.7022483665190038,
    0.9464442510979525,
    0.9608493267372238,
    0.9979499085192121,
    0.9744943221469012,
    0.9979075192276667,
    0.9971977629400468,
    0.9934163545838602,
    0.8818416788071272,
    0.983675649159382,
    0.9792780881049903,
    0.9959942913474504,
    0.954109836511104,
    0.9929915260321805,
    0.9805223896264343,
    0.9943303790746926
  ],
  "mi_v": [
    0.029227791926574653,
    0.29720003557968133,
    0.3624834672751419,
    0.8504539761130284,
    0.4923128338688587,
    0.8743756277571645,
    0.9142068480600217,
    0.9955587707243593,
    0.5920846569564074,
    0.9236296898525925,
    0.9230263239594038,
    0.9978764908791832,
    0.965491363158415,
    0.997599245222775,
    0.9965354043739026,
    0.9929809899010715,
    0.002031796518953577,
    0.009196096765304973,
    0.009342888757782553,
    0.1443428340877848,
    0.013864828896864467,
    0.12519883039111224,
    0.3881018305279428,
    0.8867497579596968,
    0.047908020357181114,
    0.29446606173327405,
    0.5132802209214611,
    0.9407983108094677,
    0.5846097123907925,
    0.9550260988538171,
    0.9724735144104534,
    0.9949938906892114
  ],
  "avg_mi_u": 0.4862897302234571,
  "avg_mi_v": 0.5964821315524901,
  "rank_u_desc_0indexed": [
    19,
    21,
    22,
    27,
    31,
    23,
    29,
    25,
    30,
    26,
    20,
    18,
    28,
    17,
    24,
    16,
    15,
    14,
    7,
    13,
    11,
    6,
    12,
    5,
    10,
    9,
    2,
    3,
    1,
    8,
    4,
    0
  ],
  "rank_v_desc_0indexed": [
    11,
    13,
    14,
    7,
    31,
    15,
    30,
    12,
    29,
    27,
    9,
    10,
    6,
    23,
    5,
    3,
    8,
    28,
    26,
    4,
    22,
    2,
    1,
    25,
    19,
    21,
    24,
    0,
    20,
    18,
    17,
    16
  ],
  "capacities": {
    "I_XZ": 0.465,
    "I_YZ_X": 0.912,
    "I_XYZ": 1.376
  }
}