{
  "N": 32,
  "path_i": 16,
  "seeds": [
    12345,
    67890,
    54321
  ],
  "n_samples_per_seed": 200000,
  "mi_u_per_seed": [
    [
      0.00014256090661601828,
      0.00039671829369791745,
      0.0005225412609314306,
      0.00045925374547051145,
      0.00034641495816734036,
      0.0017007224624585593,
      0.002212701540124984,
      0.0068763360603242285,
      0.0003416736970868195,
      0.0010611540469359637,
      0.001413240076590272,
      0.0040844453424830895,
      0.002145930156037701,
      0.007148244687048,
      0.022179612335076815,
      0.17549661363011848,
      0.6961576846486872,
      0.9454496794711295,
      0.9601426671888639,
      0.9977416185336514,
      0.9734892159356797,
      0.9976380012765177,
      0.9970827945388027,
      0.9925967126418761,
      0.8769896164107412,
      0.9836715725068874,
      0.9778549731746436,
      0.9962182565518249,
      0.9499528240648984,
      0.9925825936622769,
      0.9784097576123133,
      0.9946509811007685
    ],
    [
      0.00014153634564684214,
      0.00039582395782256086,
      0.0005250097087191596,
      0.00046401170517129664,
      0.00034158420900287645,
      0.0016998251886931603,
      0.0022130502532606844,
      0.006909643564846468,
      0.0003409417817813454,
      0.0010648205525061183,
      0.0014206625454218358,
      0.00408617393971511,
      0.002163647070099195,
      0.007167565814588439,
      0.022337099710590946,
      0.17657644733486721,
      0.6960720374220238,
      0.9451431456596024,
      0.960233097299394,
      0.9978500837426151,
      0.9734678376921406,
      0.9977659877677805,
      0.997155099912076,
      0.9925615663827003,
      0.877351874169422,
      0.9837015980285538,
      0.9778764618283654,
      0.9961721645538855,
      0.9506053914288775,
      0.9925061852067905,
      0.9788932077252587,
      0.9947103433654589
    ],
    [
      0.0001419291677730028,
      0.000396100904391683,
      0.0005224523764394418,
      0.0004642609030213185,
      0.0003421354256051279,
      0.001704945803524649,
      0.0022241941648836194,
      0.006978265347448276,
      0.000341479585349469,
      0.0010635611659374211,
      0.0014048671394191192,
      0.004109946214646221,
      0.0021760125776066896,
      0.0071523086598299646,
      0.02238297598370642,
      0.17667832953063578,
      0.6966892562351925,
      0.9455719036033535,
      0.9601550727495954,
      0.9978353389774248,
      0.9736375436928061,
      0.997773938860787,
      0.9972002451838009,
      0.9926168492582204,
      0.8781131511443327,
      0.9838279092758125,
      0.977870771004877,
      0.9961668825328822,
      0.9500099963831985,
      0.9924560827634323,
      0.9787126387078775,
      0.9947627301765005
    ]
  ],
  "mi_v_per_seed": [
    [
      0.028703269013134136,
      0.2888215133942913,
      0.3535162704879762,
      0.8446748149109484,
      0.4831847357874901,
      0.8741311627147103,
      0.911254203376564,
      0.9954588475304414,
      0.5840687636190643,
      0.9202403970917206,
      0.9208694800014893,
      0.9974853986410895,
      0.9629334816606705,
      0.9975647459404625,
      0.9965702397903541,
      0.9925839091676687,
      0.0019421881334916735,
      0.009170728373803616,
      0.00914372573493294,
      0.1436028044163895,
      0.013272983065084287,
      0.12343851178871201,
      0.3850144660888436,
      0.8895244277838407,
      0.04915892018898271,
      0.2916949241750635,
      0.5117328616778771,
      0.939803641322332,
      0.5803271268227217,
      0.9549076709216577,
      0.9686780240333074,
      0.994946894960551
    ],
    [
      0.028723872786607707,
      0.2887639380765308,
      0.3542316777678619,
      0.843984775231051,
      0.48234557364042363,
      0.8738939722915168,
      0.910981989424623,
      0.9956842468979828,
      0.5843738346741176,
      0.9209979785995895,
      0.9218438743748734,
      0.9976443810173428,
      0.963101933204501,
      0.9975904102956404,
      0.9965161458130057,
      0.9928491521495206,
      0.0019464467363223825,
      0.009167711234446041,
      0.009170695023770103,
      0.14453160160756806,
      0.013373346227590344,
      0.12356765810034209,
      0.3848793108853963,
      0.8905483051067719,
      0.04900161602200792,
      0.29188690230354264,
      0.512447324476826,
      0.9398950493772207,
      0.580478631932281,
      0.955449557490113,
      0.9689285725290598,
      0.9947991934155747
    ],
    [
      0.028424455158305162,
      0.2883506690232497,
      0.3532172188612599,
      0.8453369586261084,
      0.48302823238384507,
      0.8745509675176335,
      0.9115241738434107,
      0.9955748023635783,
      0.5832524378219323,
      0.9209482054541058,
      0.9207223128128283,
      0.9975805658118642,
      0.9630972355444194,
      0.9976346682512588,
      0.9965581476299962,
      0.9927149833159182,
      0.0019541988000393307,
      0.009208920178561675,
      0.009037857486633771,
      0.14271523664326935,
      0.013283700358762252,
      0.12356170087881435,
      0.38554413675070454,
      0.8905302820327443,
      0.04869729527207545,
      0.291355587098286,
      0.5120085200835338,
      0.9396989224304997,
      0.5807609665148685,
      0.9551647981717375,
      0.9684635470732379,
      0.9948766823950976
    ]
  ],
  "mi_u_mean": [
    0.00014200880667862106,
    0.0003962143853040538,
    0.0005233344486966773,
    0.00046250878455437555,
    0.00034337819759178156,
    0.0017018311515587896,
    0.002216648652756429,
    0.006921414990872991,
    0.00034136502140587793,
    0.0010631785884598344,
    0.001412923253810409,
    0.004093521832281473,
    0.0021618632679145286,
    0.007156039720488801,
    0.022299896009791393,
    0.17625046349854048,
    0.6963063261019679,
    0.9453882429113619,
    0.9601769457459511,
    0.9978090137512305,
    0.9735315324402087,
    0.9977259759683617,
    0.9971460465448931,
    0.992591709427599,
    0.877484880574832,
    0.9837336932704179,
    0.9778674020026287,
    0.9961857678795308,
    0.9501894039589915,
    0.9925149538774999,
    0.9786718680151498,
    0.9947080182142427
  ],
  "mi_v_mean": [
    0.02861719898601567,
    0.28864537349802394,
    0.3536550557056993,
    0.8446655162560358,
    0.48285284727058625,
    0.8741920341746202,
    0.9112534555481994,
    0.9955726322640008,
    0.5838983453717047,
    0.9207288603818053,
    0.9211452223963971,
    0.9975701151567655,
    0.9630442168031971,
    0.9975966081624539,
    0.9965481777444519,
    0.9927160148777024,
    0.0019476112232844622,
    0.009182453262270443,
    0.009117426081778937,
    0.1436165475557423,
    0.013310009883812294,
    0.12352262358928949,
    0.3851459712416481,
    0.8902010049744522,
    0.04895261049435536,
    0.2916458045256307,
    0.5120629020794123,
    0.939799204376684,
    0.5805222417566237,
    0.9551740088611694,
    0.9686900478785351,
    0.9948742569237412
  ],
  "mi_u_std": [
    4.220490187611256e-07,
    3.73824916765265e-07,
    1.1851433725994478e-06,
    2.3039074735798897e-06,
    2.1590732627064077e-06,
    2.232646815455045e-06,
    5.337381702603707e-06,
    4.243677451163902e-05,
    3.095897031827391e-07,
    1.5210938868154744e-06,
    6.4523378297091495e-06,
    1.1635212765429047e-05,
    1.2345700588709844e-05,
    8.317335414198417e-06,
    8.709106311163987e-05,
    0.0005346726185518067,
    0.00027302072822085895,
    0.0001803499962840331,
    4.0026842658423636e-05,
    4.803428317027429e-05,
    7.546763801849824e-05,
    6.229213312444032e-05,
    4.837448429103511e-05,
    2.284473967559288e-05,
    0.00046822402209961066,
    6.773908149275423e-05,
    9.0904048976609e-06,
    2.3073943558962355e-05,
    0.0002950721378709056,
    5.201870862885148e-05,
    0.00019946209325056243,
    4.565098558900497e-05
  ],