{
  "bler_mi": 0.0013333333333333333,
  "bler_gmac": 0.9513333333333334,
  "overlap": 34
}