{
  "16": {
    "N": 16,
    "ku": 8,
    "kv": 11,
    "scl32_bler": 0.008,
    "sc_bler": 0.0106,
    "nn_bler": 0.0114,
    "n_cw": 5000,
    "Ru": 0.5,
    "Rv": 0.6875,
    "time_s": 8.7
  },
  "32": {
    "N": 32,
    "ku": 16,
    "kv": 22,
    "scl32_bler": 0.0082,
    "sc_bler": 0.008,
    "nn_bler": 0.0088,
    "n_cw": 5000,
    "Ru": 0.5,
    "Rv": 0.6875,
    "time_s": 18.7
  },
  "64": {
    "N": 64,
    "ku": 32,
    "kv": 45,
    "scl32_bler": 0.001,
    "sc_bler": 0.0056,
    "nn_bler": 0.003,
    "n_cw": 5000,
    "Ru": 0.5,
    "Rv": 0.703125,
    "time_s": 41.0
  },
  "128": {
    "N": 128,
    "ku": 64,
    "kv": 90,
    "scl32_bler": 0.0006,
    "sc_bler": 0.002,
    "nn_bler": 0.0012,
    "n_cw": 5000,
    "Ru": 0.5,
    "Rv": 0.703125,
    "time_s": 89.6
  }
}