{
  "16": {
    "N": 16,
    "ku": 4,
    "kv": 7,
    "n": 4,
    "Au_jt": [
      12,
      14,
      15,
      16
    ],
    "Av_jt": [
      8,
      11,
      12,
      13,
      14,
      15,
      16
    ],
    "design_snr_db": 3.0,
    "n_mc_design": 5000,
    "jt_eval": {
      "bler_u": 0.16475,
      "bler_v": 0.1666,
      "bler_chained": 0.1666,
      "errs_u": 3295,
      "errs_v": 3332,
      "errs_total": 3332,
      "n_cw": 20000,
      "seed": 80016
    },
    "done": true
  },
  "32": {
    "N": 32,
    "ku": 7,
    "kv": 15,
    "n": 5,
    "Au_jt": [
      16,
      24,
      28,
      29,
      30,
      31,
      32
    ],
    "Av_jt": [
      12,
      14,
      15,
      16,
      20,
      22,
      23,
      24,
      26,
      27,
      28,
      29,
      30,
      31,
      32
    ],
    "design_snr_db": 3.0,
    "n_mc_design": 5000,
    "jt_eval": {
      "bler_u": 0.07005,
      "bler_v": 0.07,
      "bler_chained": 0.07015,
      "errs_u": 1401,
      "errs_v": 1400,
      "errs_total": 1403,
      "n_cw": 20000,
      "seed": 80032
    },
    "done": true
  },
  "64": {
    "N": 64,
    "ku": 15,
    "kv": 29,
    "n": 6,
    "Au_jt": [
      32,
      46,
      47,
      48,
      52,
      54,
      55,
      56,
      58,
      59,
      60,
      61,
      62,
      63,
      64
    ],
    "Av_jt": [
      16,
      24,
      28,
      29,
      30,
      31,
      32,
      40,
      43,
      44,
      45,
      46,
      47,
      48,
      50,
      51,
      52,
      53,
      54,
      55,
      56,
      57,
      58,
      59,
      60,
      61,
      62,
      63,
      64
    ],
    "design_snr_db": 3.0,
    "n_mc_design": 5000,
    "jt_eval": {
      "bler_u": 0.03935,
      "bler_v": 0.03945,
      "bler_chained": 0.03945,
      "errs_u": 787,
      "errs_v": 789,
      "errs_total": 789,
      "n_cw": 20000,
      "seed": 80064
    },
    "done": true
  },
  "128": {
    "N": 128,
    "ku": 30,
    "kv": 58,
    "n": 7,
    "Au_jt": [
      62,
      63,
      64,
      88,
      92,
      94,
      95,
      96,
      104,
      107,
      108,
      109,
      110,
      111,
      112,
      114,
      115,
      116,
      117,
      118,
      119,
      120,
      121,
      122,
      123,
      124,
      125,
      126,
      127,
      128
    ],
    "Av_jt": [
      32,
      46,
      47,
      48,
      52,
      54,
      55,
      56,
      58,
      59,
      60,
      61,
      62,
      63,
      64,
      76,
      78,
      79,
      80,
      84,
      86,
      87,
      88,
      90,
      91,
      92,
      93,
      94,
      95,
      96,
      100,
      102,
      103,
      104,
      105,
      106,
      107,
      108,
      109,
      110,
      111,
      112,
      113,
      114,
      115,
      116,
      117,
      118,
      119,
      120,
      121,
      122,
      123,
      124,
      125,
      126,
      127,
      128
    ],
    "design_snr_db": 3.0,
    "n_mc_design": 5000,
    "jt_eval": {
      "bler_u": 0.0237,
      "bler_v": 0.0237,
      "bler_chained": 0.0237,
      "errs_u": 474,
      "errs_v": 474,
      "errs_total": 474,
      "n_cw": 20000,
      "seed": 80128
    },
    "done": true
  },
  "256": {
    "N": 256,
    "ku": 59,
    "kv": 117,
    "n": 8,
    "Au_jt": [
      112,
      120,
      124,
      125,
      126,
      127,
      128,
      160,
      176,
      183,
      184,
      186,
      187,
      188,
      189,
      190,
      191,
      192,
      206,
      207,
      208,
      212,
      214,
      215,
      216,
      218,
      219,
      220,
      221,
      222,
      223,
      224,
      228,
      230,
      231,
      232,
      234,
      235,
      236,
      237,
      238,
      239,
      240,
      241,
      242,
      243,
      244,
      245,
      246,
      247,
      248,
      249,
      250,
      251,
      252,
      253,
      254,
      255,
      256
    ],
    "Av_jt": [
      56,
      60,
      62,
      63,
      64,
      88,
      92,
      94,
      95,
      96,
      104,
      108,
      109,
      110,
      111,
      112,
      114,
      115,
      116,
      117,
      118,
      119,
      120,
      121,
      122,
      123,
      124,
      125,
      126,
      127,
      128,
      144,
      152,
      156,
      157,
      158,
      159,
      160,
      167,
      168,
      170,
      171,
      172,
      173,
      174,
      175,
      176,
      178,
      179,
      180,
      181,
      182,
      183,
      184,
      185,
      186,
      187,
      188,
      189,
      190,
      191,
      192,
      199,
      200,
      202,
      203,
      204,
      205,
      206,
      207,
      208,
      210,
      211,
      212,
      213,
      214,
      215,
      216,
      217,
      218,
      219,
      220,
      221,
      222,
      223,
      224,
      226,
      227,
      228,
      229,
      230,
      231,
      232,
      233,
      234,
      235,
      236,
      237,
      238,
      239,
      240,
      241,
      242,
      243,
      244,
      245,
      246,
      247,
      248,
      249,
      250,
      251,
      252,
      253,
      254,
      255,
      256
    ],
    "design_snr_db": 3.0,
    "n_mc_design": 3000,
    "jt_eval": {
      "bler_u": 0.0037,
      "bler_v": 0.0037,
      "bler_chained": 0.0037,
      "errs_u": 74,
      "errs_v": 74,
      "errs_total": 74,
      "n_cw": 20000,
      "seed": 80256
    },
    "done": true
  },
  "512": {
    "N": 512,
    "ku": 119,
    "kv": 233,
    "n": 9,
    "Au_jt": [
      192,
      224,
      239,
      240,
      246,
      247,
      248,
      250,
      251,
      252,
      253,
      254,
      255,
      256,
      320,
      350,
      351,
      352,
      360,
      364,
      366,
      367,
      368,
      372,
      373,
      374,
      375,
      376,
      377,
      378,
      379,
      380,
      381,
      382,
      383,
      384,
      400,
      408,
      412,
      414,
      415,
      416,
      424,
      428,
      429,
      430,
      431,
      432,
      434,
      435,
      436,
      437,
      438,
      439,
      440,
      441,
      442,
      443,
      444,
      445,
      446,
      447,
      448,
      454,
      455,
      456,
      458,
      459,
      460,
      461,
      462,
      463,
      464,
      466,
      467,
      468,
      469,
      470,
      471,
      472,
      473,
      474,
      475,
      476,
      477,
      478,
      479,
      480,
      482,
      483,
      484,
      485,
      486,
      487,
      488,
      489,
      490,
      491,
      492,
      493,
      494,
      495,
      496,
      497,
      498,
      499,
      500,
      501,
      502,
      503,
      504,
      505,
      506,
      507,
      508,
      509,
      510,
      511,
      512
    ],