{
  "stages": [
    {
      "N": 512,
      "ku": 205,
      "kv": 205,
      "iters": 100000,
      "best_bler": 0.05333333333333334,
      "sc_bler": 0.045
    },
    {
      "N": 1024,
      "ku": 410,
      "kv": 410,
      "iters": 50000,
      "best_bler": 0.043333333333333335,
      "sc_bler": 0.005
    }
  ]
}