{
  "N256": {
    "N": 256,
    "ku": 59,
    "kv": 117,
    "bler": 0.00142,
    "errs": 71,
    "n_cw": 50000,
    "time_min": 12.1
  },
  "N512": {
    "N": 512,
    "ku": 119,
    "kv": 233,
    "bler": 0.00042,
    "errs": 21,
    "n_cw": 50000,
    "time_min": 26.0
  }
}