{
  "256": {
    "N": 256,
    "bler": 0.0002,
    "errs_total": 1,
    "errs_u": 0,
    "errs_v": 1,
    "n_cw": 5000,
    "time_min": 1.1487027168273927
  },
  "512": {
    "N": 512,
    "bler": 0.0008,
    "errs_total": 4,
    "errs_u": 1,
    "errs_v": 4,
    "n_cw": 5000,
    "time_min": 2.639366153875987
  }
}