{
  "N256_mc": {
    "bler": 0.0008,
    "errs": 4,
    "n_cw": 5000,
    "time_s": 14.15892505645752,
    "ku": 59,
    "kv": 117
  },
  "N256_analytical": {
    "bler": 0.0036,
    "errs": 18,
    "n_cw": 5000,
    "time_s": 14.339823007583618,
    "ku": 59,
    "kv": 117
  },
  "N512_mc": {
    "bler": 0.0002,
    "errs": 1,
    "n_cw": 5000,
    "time_s": 64.6603410243988,
    "ku": 119,
    "kv": 233
  },
  "N512_analytical": {
    "bler": 0.0048,
    "errs": 24,
    "n_cw": 5000,
    "time_s": 65.05908203125,
    "ku": 119,
    "kv": 233
  },
  "N1024_mc": {
    "bler": 0.0012,
    "errs": 6,
    "n_cw": 5000,
    "time_s": 373.9147231578827,
    "ku": 238,
    "kv": 467
  },
  "N1024_analytical": {
    "bler": 0.016,
    "errs": 80,
    "n_cw": 5000,
    "time_s": 418.45789098739624,
    "ku": 238,
    "kv": 467
  }
}