{
  "N32_C_pflip0.001": {
    "p_flip": 0.001,
    "N": 32,
    "ku": 7,
    "kv": 15,
    "class": "C",
    "chained_bler": 0.08866666666666667,
    "u_err_rate": 0.08633333333333333,
    "v_err_rate": 0.08666666666666667,
    "n_cw": 3000,
    "errs_u": 259,
    "errs_v": 260,
    "errs_total": 266,
    "time_min": 0.2
  },
  "N32_C_pflip0.005": {
    "p_flip": 0.005,
    "N": 32,
    "ku": 7,
    "kv": 15,
    "class": "C",
    "chained_bler": 0.17133333333333334,
    "u_err_rate": 0.14833333333333334,
    "v_err_rate": 0.165,
    "n_cw": 3000,
    "errs_u": 445,
    "errs_v": 495,
    "errs_total": 514,
    "time_min": 0.3
  },
  "N32_C_pflip0.05": {
    "p_flip": 0.05,
    "N": 32,
    "ku": 7,
    "kv": 15,
    "class": "C",
    "chained_bler": 0.5543333333333333,
    "u_err_rate": 0.425,
    "v_err_rate": 0.527,
    "n_cw": 3000,
    "errs_u": 1275,
    "errs_v": 1581,
    "errs_total": 1663,
    "time_min": 0.5
  },
  "N32_B_pflip0.01": {
    "p_flip": 0.01,
    "N": 32,
    "ku": 15,
    "kv": 15,
    "class": "B",
    "chained_bler": 0.8366666666666667,
    "u_err_rate": 0.8303333333333334,
    "v_err_rate": 0.30866666666666664,
    "n_cw": 3000,
    "errs_u": 2491,
    "errs_v": 926,
    "errs_total": 2510,
    "time_min": 0.7
  },
  "N32_B_pflip0.001": {
    "p_flip": 0.001,
    "N": 32,
    "ku": 15,
    "kv": 15,
    "class": "B",
    "chained_bler": 0.7833333333333333,
    "u_err_rate": 0.776,
    "v_err_rate": 0.157,
    "n_cw": 3000,
    "errs_u": 2328,
    "errs_v": 471,
    "errs_total": 2350,
    "time_min": 0.9
  },
  "N64_C_pflip0.001": {
    "p_flip": 0.001,
    "N": 64,
    "ku": 15,
    "kv": 29,
    "class": "C",
    "chained_bler": 0.065,
    "u_err_rate": 0.063,
    "v_err_rate": 0.058666666666666666,
    "n_cw": 3000,
    "errs_u": 189,
    "errs_v": 176,
    "errs_total": 195
  },
  "N64_C_lowrate_pflip0.01": {
    "p_flip": 0.01,
    "N": 64,
    "ku": 8,
    "kv": 15,
    "class": "C_lowrate",
    "chained_bler": 0.27066666666666667,
    "u_err_rate": 0.262,
    "v_err_rate": 0.12433333333333334,
    "n_cw": 3000,
    "errs_u": 786,
    "errs_v": 373,
    "errs_total": 812
  },
  "N64_C_lowrate_pflip0.1": {
    "p_flip": 0.1,
    "N": 64,
    "ku": 8,
    "kv": 15,
    "class": "C_lowrate",
    "chained_bler": 0.514,
    "u_err_rate": 0.363,
    "v_err_rate": 0.3616666666666667,
    "n_cw": 3000,
    "errs_u": 1089,
    "errs_v": 1085,
    "errs_total": 1542
  }
}