{
  "config": {
    "N": 256,
    "ku": 123,
    "kv": 123,
    "SNR_dB": 6.0,
    "sigma2": 0.251188643150958,
    "seed": 42,
    "n_cw": 10000,
    "checkpoint": "saved_models/ncg_gmac_mlp_N256.pt"
  },
  "overall": {
    "nn_bler": 0.0208,
    "sc_bler": 0.0042,
    "both_ok_count": 9778,
    "both_err_count": 28,
    "nn_only_count": 180,
    "sc_only_count": 14,
    "expected_noise_per_symbol": 0.251188643150958
  },
  "noise_per_symbol": {
    "both_ok": {
      "n": 9778,
      "mean": 0.2506322822156094,
      "median": 0.25001978144030357,
      "std": 0.021889762544187837,
      "p10": 0.22327475401576455,
      "p90": 0.27940722839280857,
      "min": 0.16984043096638096,
      "max": 0.3393971394407036
    },
    "both_err": {
      "n": 28,
      "mean": 0.2792305156440204,
      "median": 0.28458366346622294,
      "std": 0.030559399108711093,
      "p10": 0.24461758211496068,
      "p90": 0.3101596382645791,
      "min": 0.19026580686202094,
      "max": 0.3369711052001701
    },
    "nn_only": {
      "n": 180,
      "mean": 0.26490878148436914,
      "median": 0.26441721537892704,
      "std": 0.02157405061802999,
      "p10": 0.23907121997803854,
      "p90": 0.2915976704632198,
      "min": 0.20829612834235678,
      "max": 0.32026272923450116
    },
    "sc_only": {
      "n": 14,
      "mean": 0.26022535935173935,
      "median": 0.2715295104067301,
      "std": 0.023175317371063126,
      "p10": 0.2279719607181319,
      "p90": 0.28336113256963485,
      "min": 0.22649171348721836,
      "max": 0.2943791692743379
    }
  },
  "bpsk_dist_per_symbol": {
    "both_ok": {
      "n": 9778,
      "mean": 0.225098384324132,
      "median": 0.22483213774753558,
      "std": 0.01728534903430345,
      "p10": 0.2031684005344202,
      "p90": 0.24764366378021654,
      "min": 0.16416302471298452,
      "max": 0.29210806355477914
    },
    "both_err": {
      "n": 28,
      "mean": 0.23596872115988993,
      "median": 0.23707643872358997,
      "std": 0.022664354004649855,
      "p10": 0.21418082038879555,
      "p90": 0.26580917706153656,
      "min": 0.17588652859463086,
      "max": 0.27721987196346254
    },
    "nn_only": {
      "n": 180,
      "mean": 0.22841654467980893,
      "median": 0.22818284761702873,
      "std": 0.015983455019327804,
      "p10": 0.20851578829666284,
      "p90": 0.24878989503823132,
      "min": 0.18316153531741192,
      "max": 0.2696249254579325
    },
    "sc_only": {
      "n": 14,
      "mean": 0.22517522645070986,
      "median": 0.22272018963088264,
      "std": 0.018614599244167383,
      "p10": 0.20608412668098983,
      "p90": 0.2503575614643624,
      "min": 0.19897640302274977,
      "max": 0.2673550469855819
    }
  }
}