{
  "corruption_magnitudes": [
    0.0,
    6.750503063201904,
    0.3266391456127167,
    3.5417752265930176,
    0.20936927199363708,
    0.2578177750110626,
    0.7680911421775818,
    5.991585731506348
  ],
  "correct_after_flip": [
    false,
    false,
    true,
    true,
    true,
    false,
    true,
    true
  ],
  "true_joint_br": [
    1,
    2,
    2,
    3,
    0,
    0,
    2,
    1
  ],
  "decs_correct": [
    1,
    2,
    2,
    3,
    0,
    0,
    2,
    1
  ],
  "decs_flipped": [
    2,
    3,
    2,
    3,
    0,
    2,
    2,
    1
  ]
}