{
  "16": {
    "N": 16,
    "ku": 4,
    "kv": 7,
    "n": 4,
    "extra_s1": 150000,
    "extra_s2": 40000,
    "Au_mi": [
      8,
      12,
      14,
      16
    ],
    "Av_mi": [
      4,
      6,
      8,
      12,
      14,
      15,
      16
    ],
    "eval": {
      "bler_u": 0.16015,
      "bler_v": 0.16045,
      "bler_chained": 0.16055,
      "errs_u": 3203,
      "errs_v": 3209,
      "errs_total": 3211,
      "n_cw": 20000,
      "seed": 777
    },
    "done": true
  },
  "32": {
    "N": 32,
    "ku": 7,
    "kv": 15,
    "n": 5,
    "extra_s1": 120000,
    "extra_s2": 30000,
    "Au_mi": [
      8,
      16,
      24,
      28,
      30,
      31,
      32
    ],
    "Av_mi": [
      8,
      12,
      14,
      15,
      16,
      20,
      22,
      23,
      24,
      26,
      27,
      28,
      30,
      31,
      32
    ],
    "eval": {
      "bler_u": 0.06655,
      "bler_v": 0.0666,
      "bler_chained": 0.06665,
      "errs_u": 1331,
      "errs_v": 1332,
      "errs_total": 1333,
      "n_cw": 20000,
      "seed": 777
    },
    "done": true
  },
  "64": {
    "N": 64,
    "ku": 15,
    "kv": 29,
    "n": 6,
    "extra_s1": 60000,
    "extra_s2": 20000,
    "Au_mi": [
      16,
      24,
      28,
      30,
      32,
      40,
      44,
      46,
      48,
      52,
      56,
      60,
      62,
      63,
      64
    ],
    "Av_mi": [
      12,
      14,
      15,
      16,
      20,
      22,
      24,
      26,
      28,
      30,
      31,
      32,
      36,
      40,
      44,
      46,
      47,
      48,
      52,
      54,
      55,
      56,
      58,
      59,
      60,
      61,
      62,
      63,
      64
    ],
    "eval": {
      "bler_u": 0.0348,
      "bler_v": 0.0349,
      "bler_chained": 0.0349,
      "errs_u": 348,
      "errs_v": 349,
      "errs_total": 349,
      "n_cw": 10000,
      "seed": 777
    },
    "done": true
  }
}