{
  "N": 128,
  "ku": 62,
  "kv": 62,
  "design": "gmac_B_n7_snr6dB.npz",
  "snr_results": {
    "4": {
      "snr_db": 4,
      "sigma2": 0.3981071705534972,
      "sc_bler": 0.3575,
      "ncg_bler": 0.431,
      "ratio": 1.206,
      "n_cw_sc": 2000,
      "n_cw_nn": 1000
    },
    "5": {
      "snr_db": 5,
      "sigma2": 0.31622776601683794,
      "sc_bler": 0.089,
      "ncg_bler": 0.108,
      "ratio": 1.213,
      "n_cw_sc": 2000,
      "n_cw_nn": 1000
    },
    "6": {
      "snr_db": 6,
      "sigma2": 0.251188643150958,
      "sc_bler": 0.019,
      "ncg_bler": 0.025,
      "ratio": 1.316,
      "n_cw_sc": 2000,
      "n_cw_nn": 1000
    },
    "7": {
      "snr_db": 7,
      "sigma2": 0.19952623149688797,
      "sc_bler": 0.009,
      "ncg_bler": 0.008,
      "ratio": 0.889,
      "n_cw_sc": 2000,
      "n_cw_nn": 1000
    },
    "8": {
      "snr_db": 8,
      "sigma2": 0.15848931924611134,
      "sc_bler": 0.007,
      "ncg_bler": 0.005,
      "ratio": 0.714,
      "n_cw_sc": 2000,
      "n_cw_nn": 1000
    }
  }
}