{
  "channel": "ISI-MAC",
  "h": 0.3,
  "snr_db": 6.0,
  "sigma2": 0.251188643150958,
  "path": "Class C (path_i = N)",
  "by_N": {
    "16": {
      "n_cw": 5000,
      "chained_bler": 0.1642,
      "chained_u_err": 0.1616,
      "chained_v_err": 0.1642,
      "stage1_u_only_bler": 0.1616,
      "stage2_v_given_true_u_bler": 0.0026,
      "joint_trellis_bler": 0.1662,
      "memoryless_sc_bler": 0.1846,
      "time_chained_s": 4.798500299453735,
      "time_joint_trellis_s": 29.479092836380005,
      "time_memoryless_s": 2.4022610187530518,
      "ku": 4,
      "kv": 7,
      "N": 16,
      "wall_s": 39.38911294937134
    },
    "32": {
      "n_cw": 5000,
      "chained_bler": 0.0836,
      "chained_u_err": 0.0836,
      "chained_v_err": 0.0832,
      "stage1_u_only_bler": 0.0836,
      "stage2_v_given_true_u_bler": 0.0,
      "joint_trellis_bler": 0.0748,
      "memoryless_sc_bler": 0.114,
      "time_chained_s": 10.231066942214966,
      "time_joint_trellis_s": 63.612876415252686,
      "time_memoryless_s": 5.826019525527954,
      "ku": 7,
      "kv": 15,
      "N": 32,
      "wall_s": 85.33358383178711
    },
    "64": {
      "n_cw": 3000,
      "chained_bler": 0.037,
      "chained_u_err": 0.037,
      "chained_v_err": 0.03666666666666667,
      "stage1_u_only_bler": 0.037,
      "stage2_v_given_true_u_bler": 0.0,
      "joint_trellis_bler": 0.029,
      "memoryless_sc_bler": 0.08766666666666667,
      "time_chained_s": 12.922438859939575,
      "time_joint_trellis_s": 77.39876866340637,
      "time_memoryless_s": 8.017293214797974,
      "ku": 15,
      "kv": 29,
      "N": 64,
      "wall_s": 105.37361001968384
    },
    "128": {
      "n_cw": 1000,
      "chained_bler": 0.018,
      "chained_u_err": 0.018,
      "chained_v_err": 0.015,
      "stage1_u_only_bler": 0.018,
      "stage2_v_given_true_u_bler": 0.0,
      "joint_trellis_bler": 0.008,
      "memoryless_sc_bler": 0.095,
      "time_chained_s": 9.425942659378052,
      "time_joint_trellis_s": 53.30734086036682,
      "time_memoryless_s": 6.193253993988037,
      "ku": 30,
      "kv": 58,
      "N": 128,
      "wall_s": 73.98466897010803
    }
  }
}