{
  "32": {
    "N": 32,
    "ku": 15,
    "kv": 15,
    "best_bler": 0.052,
    "final_bler": 0.050666666666666665,
    "sc_bler": 0.046,
    "ratio": 1.1304347826086956,
    "iters": 20000,
    "time_min": 26.604998417695363,
    "params": 189092
  },
  "64": {
    "N": 64,
    "ku": 31,
    "kv": 31,
    "best_bler": 0.05333333333333334,
    "final_bler": 0.056666666666666664,
    "sc_bler": 0.025,
    "ratio": 2.1333333333333333,
    "iters": 60000,
    "time_min": 150.37814818223316,
    "params": 189092
  }
}