{
  "32": {
    "N": 32,
    "ku": 15,
    "kv": 15,
    "best_bler": 0.04566666666666667,
    "final_bler": 0.051166666666666666,
    "sc_bler": 0.046,
    "ratio": 0.9927536231884059,
    "iters": 15000,
    "time_min": 19.22476309935252,
    "d": 32,
    "hidden": 128,
    "params": 157572
  },
  "64": {
    "N": 64,
    "ku": 31,
    "kv": 31,
    "best_bler": 0.04566666666666667,
    "final_bler": 0.046,
    "sc_bler": 0.025,
    "ratio": 1.8266666666666667,
    "iters": 30000,
    "time_min": 201.02772686481475,
    "d": 32,
    "hidden": 128,
    "params": 157572
  }
}