{
  "32": {
    "N": 32,
    "ku": 15,
    "kv": 15,
    "best_bler": 0.037,
    "sc_bler": 0.046,
    "ratio": 0.8043478260869565,
    "iters": 62420,
    "time_hr": 5.545411154760255
  },
  "64": {
    "N": 64,
    "ku": 31,
    "kv": 31,
    "best_bler": 0.02,
    "sc_bler": 0.025,
    "ratio": 0.7999999999999999,
    "iters": 91513,
    "time_hr": 13.846746513379944
  },
  "128": {
    "N": 128,
    "ku": 62,
    "kv": 62,
    "best_bler": 0.0185,
    "sc_bler": 0.016,
    "ratio": 1.15625,
    "iters": 51479,
    "time_hr": 10.512620299988322
  }
}