{
  "ncg_B_32": {
    "mi_u": [
      0.0,
      0.0,
      0.0,
      0.0,
      0.0,
      0.0,
      0.9996903523095345,
      0.9998664941558476,
      0.0,
      0.9994511521689112,
      0.9996167849758736,
      0.9998694589727023,
      0.9997138471290855,
      0.9998677686152986,
      0.9997469168191033,
      0.9999407072114432,
      0.0,
      0.18807187277898674,
      0.08973784623931169,
      0.27201749726035473,
      0.031088905825177315,
      0.16439504152330364,
      0.16044420295242323,
      0.2837072812167507,
      0.15011527555347948,
      0.2555471936954343,
      0.2502174366281057,
      0.3303057982796639,
      0.2136247844603958,
      0.31971901144240955,
      0.3173559074859349,
      0.4950143210069823
    ],
    "mi_v": [
      0.0,
      0.0,
      0.0,
      0.0,
      0.0,
      0.0,
      0.012705038440180227,
      0.09208365078834779,
      0.0,
      0.008979864619596323,
      0.014006138307087634,
      0.09573447809161972,
      0.010431329899656894,
      0.04022763933511264,
      0.06305869726983537,
      0.3516381233398772,
      0.0,
      0.9987018590828972,
      0.9992845373436889,
      0.998905601006655,
      0.9993269952651016,
      0.9988460615553822,
      0.999075484139551,
      0.908549111820711,
      0.9993505096509356,
      0.9989794190028798,
      0.9990950409409141,
      0.6895824380252683,
      0.5981849395033518,
      0.7365044586784069,
      0.7643176073734372,
      0.9094927931173065
    ],
    "N": 32
  },
  "ncg_B_64": {
    "mi_u": [
      0.0,
      0.0,
      0.0,
      0.0,
      0.0,
      0.0,
      0.0,
      0.9999981163165285,
      0.0,
      0.0,
      0.0,
      0.9999992471320486,
      0.0,
      0.9999991622772108,
      0.9999975060421493,
      0.9999983645377244,
      0.0,
      0.0,
      0.0,
      0.9999992387053045,
      0.0,
      0.999999052173227,
      0.9999971242084507,
      0.9999984442871106,
      0.999998794825566,
      0.9999994547078893,
      0.9999968262070595,
      0.9999988724377721,
      0.9999975857791938,
      0.9999975594749262,
      0.9999825164005364,
      0.9971376899008578,
      0.0,
      0.0,
      0.9842577473071384,
      0.99975401852437,
      0.9887507467689757,
      0.9999883521428597,
      0.9999849976200936,
      0.9999999931932338,
      0.9940630263118267,
      0.9999922135052718,
      0.9999844122742686,
      0.9999999990259156,
      0.9999623590314533,
      0.9704304534812327,
      0.9751143992416709,
      0.9856889811604653,
      0.996315769672655,
      0.9999904798872904,
      0.9999766006126181,
      0.9785891318648835,
      0.9992732436143814,
      0.9761276842896649,
      0.9793971316446699,
      0.9881264702452042,
      0.9999700026224532,
      0.9832718834249146,
      0.9809361087986338,
      0.9917205130470798,
      0.9787661332643163,
      0.9888729811300507,
      0.9887485273127139,
      0.9941978799531097
    ],
    "mi_v": [
      0.0,
      0.0,
      0.0,
      0.0,
      0.0,
      0.0,
      0.0,
      0.9852314601183114,
      0.0,
      0.0,
      0.0,
      0.9938560156833257,
      0.0,
      0.9985101173162917,
      0.9989634403279828,
      0.9999961921845751,
      0.0,
      0.0,
      0.0,
      0.9980953529360541,
      0.0,
      0.9998464352403611,
      0.9997123694827336,
      0.9999970797264526,
      0.9699864360301975,
      0.9984280370260593,
      0.9988914352137732,
      0.9999973540217567,
      0.9996345235446193,
      0.9999964797622833,
      0.999983014925801,
      0.9034341314223749,
      0.0,
      0.0,
      0.9999869839516321,
      0.9999937372632605,
      0.99999045652861,
      0.9999964004763173,
      0.9999974541257635,
      0.9999609338728139,
      0.9999953705379072,
      0.999998490847179,
      0.9999992497026029,
      0.9999983784216063,
      0.9999902484782536,
      0.9954561264707833,
      0.9998294556862066,
      0.9999859184153762,
      0.9999956616325499,
      0.9999988669557901,
      0.9999943777477858,
      0.9977446728627828,
      0.9999994071637965,
      0.9982776421317231,
      0.9999778921653311,
      0.9999943348379636,
      0.9999994824116767,
      0.9999763762194844,
      0.9999653206289866,
      0.9999943646007712,
      0.9999831160660465,
      0.9999961589352403,
      0.9999969340457681,
      0.9999907209313721
    ],
    "N": 64
  },
  "npd_C_32": {
    "mi_u": [
      0.0,
      1.5244472351128024e-12,
      8.770761894538737e-15,
      0.00013348178057681626,
      2.9976021664879227e-15,
      2.8576176203887194e-05,
      6.869070928394727e-06,
      0.04412365151540942,
      0.0,
      1.414583191627905e-05,
      2.771233874043766e-06,
      0.02846868052943763,
      4.7329702468346113e-07,
      0.0181214813338324,
      0.009073546477168293,
      0.3771682843530666,
      0.0,
      1.0275407359539024e-05,
      1.369696813746657e-06,
      0.01765755774982236,
      3.41176723650527e-07,
      0.0101700261852391,
      0.005924736582125112,
      0.32413724067316907,
      1.998355196874968e-07,
      0.00665892478277863,
      0.0028232576757061256,
      0.2607990506536346,
      0.0017462338780692699,
      0.20564584101975758,
      0.1596399207694783,
      0.7659739665365446
    ],
    "N": 32
  },
  "npd_C_64": {
    "mi_u": [
      0.0,
      3.2169332753184676e-09,
      2.0438561842972547e-08,
      0.0013522453257054368,
      9.420964341977367e-09,
      0.002234122582123521,
      0.00218487004119039,
      0.10028162324088596,
      1.5509712403272147e-09,
      0.0015545069650935162,
      0.001580587216963636,
      0.11658690755075352,
      0.001140585700526331,
      0.11171816800302281,
      0.11781522975953085,
      0.4486046403046473,
      1.8279922020525419e-10,
      0.0006165794849462003,
      0.0007812093897933137,
      0.09570020300066684,
      0.0004040126203617156,
      0.10844433409877308,
      0.10628449819605557,
      0.4676755204556058,
      0.00015396272850143333,
      0.07540137985020712,
      0.09551500583200401,
      0.4412788528104117,
      0.06713305002465675,
      0.45062850628927464,
      0.43935745172634566,
      0.7616997623596469,
      2.251678843379068e-10,
      0.00023465494395302766,
      0.00045668530560727394,
      0.07188607617219278,
      0.0002500919274838198,
      0.07050572984387193,
      0.08206208584068886,
      0.42176975283724727,
      7.45332248294206e-05,
      0.06162760867728556,
      0.06853178439115226,
      0.4412795476299246,
      0.050090500153940565,
      0.45949037730186426,
      0.4717433696554838,
      0.7614801094281526,
      4.278070445107307e-05,
      0.038694063530051226,
      0.04818986502993294,
      0.43509911245722055,
      0.037031403546989194,
      0.4414047746069003,
      0.43868583506635483,
      0.7827932096619066,
      0.021764383531106657,
      0.39040287860592937,
      0.4216033130511042,
      0.7521840693577875,
      0.36310936435275465,
      0.7410611756954696,
      0.771795259059039,
      0.9261890460970859
    ],
    "N": 64
  }
}