{
  "N16_npd_rate": {
    "N": 16,
    "ku": 4,
    "kv": 8,
    "bler": 0.06066666666666667,
    "errors": 182,
    "n_cw": 3000,
    "ber_u": 0.03283333333333333,
    "ber_v": 0.0,
    "elapsed_s": 1.2005798816680908,
    "Au": [
      12,
      14,
      15,
      16
    ],
    "Av": [
      1,
      2,
      3,
      4,
      5,
      6,
      7,
      8
    ]
  },
  "N32_npd_rate": {
    "N": 32,
    "ku": 8,
    "kv": 16,
    "bler": 0.04933333333333333,
    "errors": 148,
    "n_cw": 3000,
    "ber_u": 0.0175,
    "ber_v": 0.0004375,
    "elapsed_s": 2.8643300533294678,
    "Au": [
      16,
      24,
      27,
      28,
      29,
      30,
      31,
      32
    ],
    "Av": [
      1,
      2,
      3,
      4,
      5,
      6,
      7,
      8,
      9,
      10,
      11,
      12,
      13,
      14,
      15,
      16
    ]
  },
  "N16_original_rate": {
    "N": 16,
    "ku": 5,
    "kv": 10,
    "bler": 0.092,
    "errors": 276,
    "n_cw": 3000,
    "ber_u": 0.047066666666666666,
    "ber_v": 0.0163,
    "elapsed_s": 1.1945009231567383,
    "Au": [
      8,
      12,
      14,
      15,
      16
    ],
    "Av": [
      1,
      2,
      3,
      4,
      5,
      6,
      7,
      8,
      9,
      10
    ]
  },
  "N32_original_rate": {
    "N": 32,
    "ku": 10,
    "kv": 19,
    "bler": 0.09933333333333333,
    "errors": 298,
    "n_cw": 3000,
    "ber_u": 0.0386,
    "ber_v": 0.003789473684210526,
    "elapsed_s": 2.90193510055542,
    "Au": [
      16,
      23,
      24,
      26,
      27,
      28,
      29,
      30,
      31,
      32
    ],
    "Av": [
      1,
      2,
      3,
      4,
      5,
      6,
      7,
      8,
      9,
      10,
      11,
      12,
      13,
      14,
      15,
      16,
      17,
      18,
      19
    ]
  }
}