{
  "N32": {
    "N": 32,
    "ku": 7,
    "kv": 15,
    "Au": [
      8,
      16,
      24,
      28,
      30,
      31,
      32
    ],
    "Av": [
      12,
      14,
      15,
      16,
      20,
      22,
      23,
      24,
      26,
      27,
      28,
      29,
      30,
      31,
      32
    ],
    "bler": 0.035333333333333335,
    "errors": 106,
    "n_cw": 3000,
    "iters": 30000,
    "elapsed_min": 19.28505491813024,
    "mi_avg": 0.4627767984370784,
    "mi_min": -0.0009523837814538514
  },
  "N64": {
    "N": 64,
    "ku": 15,
    "kv": 29,
    "Au": [
      16,
      24,
      28,
      30,
      32,
      40,
      44,
      46,
      48,
      52,
      56,
      60,
      62,
      63,
      64
    ],
    "Av": [
      26,
      28,
      29,
      30,
      31,
      32,
      38,
      39,
      40,
      42,
      44,
      46,
      47,
      48,
      50,
      51,
      52,
      53,
      54,
      55,
      56,
      57,
      58,
      59,
      60,
      61,
      62,
      63,
      64
    ],
    "bler": 0.013333333333333334,
    "errors": 40,
    "n_cw": 3000,
    "iters": 50000,
    "elapsed_min": 77.58959081570308,
    "mi_avg": 0.4639147041750734,
    "mi_min": -0.0006005397481131285
  }
}