{
  "N16": {
    "N": 16,
    "ku": 4,
    "kv": 7,
    "sc_Au": [
      12,
      14,
      15,
      16
    ],
    "nn_Au": [
      8,
      12,
      14,
      16
    ],
    "Au_overlap": 3,
    "bler_sc_sc_frozen": 0.17266666666666666,
    "errs_sc_sc": 518,
    "cw": 3000,
    "bler_sc_nn_frozen": 0.37733333333333335,
    "errs_sc_nn": 1132,
    "bler_nn_nn_frozen": 0.111
  },
  "N32": {
    "N": 32,
    "ku": 7,
    "kv": 15,
    "sc_Au": [
      16,
      24,
      28,
      29,
      30,
      31,
      32
    ],
    "nn_Au": [
      8,
      16,
      24,
      28,
      30,
      31,
      32
    ],
    "Au_overlap": 6,
    "bler_sc_sc_frozen": 0.06233333333333333,
    "errs_sc_sc": 187,
    "cw": 3000,
    "bler_sc_nn_frozen": 0.33666666666666667,
    "errs_sc_nn": 1010,
    "bler_nn_nn_frozen": 0.038
  }
}