{
  "N": 256,
  "ku": 59,
  "kv": 117,
  "n_batches": 200,
  "batch_size": 32,
  "info_mean_mi_bits": -0.05207528656137335,
  "info_min_mi_bits": -58.710683278306675,
  "info_max_mi_bits": 0.9999202851814118,
  "info_std_mi_bits": 7.707131040794593,
  "per_position_mi_bits": [
    1.0,
    1.0,
    1.0,
    1.0,
    1.0,
    1.0,
    1.0,
    1.0,
    1.0,
    1.0,
    1.0,
    1.0,
    1.0,
    1.0,
    1.0,
    1.0,
    1.0,
    1.0,
    1.0,
    1.0,
    1.0,
    1.0,
    1.0,
    1.0,
    1.0,
    1.0,
    1.0,
    1.0,
    1.0,
    1.0,
    1.0,
    1.0,
    1.0,
    1.0,
    1.0,
    1.0,
    1.0,
    1.0,
    1.0,
    1.0,
    1.0,
    1.0,
    1.0,
    1.0,
    1.0,
    1.0,
    1.0,
    1.0,
    1.0,
    1.0,
    1.0,
    1.0,
    1.0,
    1.0,
    1.0,
    1.0,
    1.0,
    1.0,
    1.0,
    1.0,
    1.0,
    1.0,
    1.0,
    1.0,
    1.0,
    1.0,
    1.0,
    1.0,
    1.0,
    1.0,
    1.0,
    1.0,
    1.0,
    1.0,
    1.0,
    1.0,
    1.0,
    1.0,
    1.0,
    1.0,
    1.0,
    1.0,
    1.0,
    1.0,
    1.0,
    1.0,
    1.0,
    1.0,
    1.0,
    1.0,
    1.0,
    1.0,
    1.0,
    1.0,
    1.0,
    1.0,
    1.0,
    1.0,
    1.0,
    1.0,
    1.0,
    1.0,
    1.0,
    1.0,
    1.0,
    1.0,
    1.0,
    1.0,
    1.0,
    1.0,
    1.0,
    0.9999155780162577,
    1.0,
    1.0,
    1.0,
    1.0,
    1.0,
    1.0,
    1.0,
    0.9999202595989926,
    1.0,
    1.0,
    1.0,
    0.9999171641262553,
    1.0,
    0.9999179571812541,
    0.9999182130054473,
    0.9999167803899656,
    1.0,
    1.0,
    1.0,
    1.0,
    1.0,
    1.0,
    1.0,
    1.0,
    1.0,
    1.0,
    1.0,
    1.0,
    1.0,
    1.0,
    1.0,
    1.0,
    1.0,
    1.0,
    1.0,
    1.0,
    1.0,
    1.0,
    1.0,
    1.0,
    1.0,
    1.0,
    1.0,
    1.0,
    1.0,
    1.0,
    1.0,
    0.9999169083020621,
    1.0,
    1.0,
    1.0,
    1.0,
    1.0,
    1.0,
    1.0,
    1.0,
    1.0,
    1.0,
    1.0,
    1.0,
    1.0,
    1.0,
    1.0,
    0.9999197735330254,
    1.0,
    1.0,
    1.0,
    1.0,
    1.0,
    0.999869004009239,
    -58.710683278306675,
    0.9999180595109314,
    1.0,
    0.9953546772237236,
    0.999919568873671,
    0.9999173687856098,
    0.9999155780162577,
    0.9999182385878665,
    0.9999168827196427,
    0.9999202851814118,
    1.0,
    1.0,
    1.0,
    1.0,
    1.0,
    1.0,
    1.0,
    1.0,
    1.0,
    1.0,
    1.0,
    0.9999193731233171,
    1.0,
    0.9999182039811283,
    0.9993181832890289,
    0.9999188014010915,
    1.0,
    1.0,
    1.0,
    0.9993343836768437,
    1.0,
    0.9996491803566943,
    -1.1207503585014182,
    0.9999180595109314,
    1.0,
    0.818062499448567,
    0.9999179827636734,
    0.9999184176648018,
    0.9999180595109314,
    0.9999185711593176,
    0.9999187246538335,
    0.9999177525218995,
    1.0,
    1.0,
    1.0,
    0.9998756578542506,
    1.0,
    0.9960312198391273,
    0.9941745590857686,
    0.9999180850933506,
    1.0,
    0.9836494158167655,
    0.9999178548515768,
    0.9999179571812541,
    0.9999180595109314,
    0.9999185711593176,
    0.9999172152910939,
    0.9999178804339962,
    1.0,
    0.9794910872397463,
    0.9999184176648018,
    0.9999176757746416,
    0.9999176757746416,
    0.9999172664559326,
    0.9978699002784508,
    0.999918673488995,
    0.9999179827636734,
    0.9999180083460925,
    0.999917701357061,
    0.9999167803899656,
    0.9999172408735133,
    0.9999195432912518,
    0.9999182130054473,
    0.999918596741737
  ],
  "per_position_ce_nats": [
    0.0,
    0.0,
    0.0,
    0.0,
    0.0,
    0.0,
    0.0,
    0.0,
    0.0,
    0.0,
    0.0,
    0.0,
    0.0,
    0.0,
    0.0,
    0.0,
    0.0,
    0.0,
    0.0,
    0.0,
    0.0,
    0.0,
    0.0,
    0.0,
    0.0,
    0.0,
    0.0,
    0.0,
    0.0,
    0.0,
    0.0,
    0.0,
    0.0,
    0.0,
    0.0,
    0.0,
    0.0,
    0.0,
    0.0,
    0.0,
    0.0,
    0.0,
    0.0,
    0.0,
    0.0,
    0.0,
    0.0,
    0.0,
    0.0,
    0.0,
    0.0,
    0.0,
    0.0,
    0.0,
    0.0,
    0.0,
    0.0,
    0.0,
    0.0,
    0.0,
    0.0,
    0.0,
    0.0,
    0.0,
    0.0,
    0.0,
    0.0,
    0.0,
    0.0,
    0.0,
    0.0,
    0.0,
    0.0,
    0.0,
    0.0,
    0.0,
    0.0,
    0.0,
    0.0,
    0.0,
    0.0,
    0.0,
    0.0,
    0.0,
    0.0,
    0.0,
    0.0,
    0.0,
    0.0,
    0.0,
    0.0,
    0.0,
    0.0,
    0.0,
    0.0,
    0.0,
    0.0,
    0.0,
    0.0,
    0.0,
    0.0,
    0.0,
    0.0,
    0.0,
    0.0,
    0.0,
    0.0,
    0.0,
    0.0,
    0.0,
    0.0,
    5.8516860008239746e-05,
    0.0,
    0.0,
    0.0,
    0.0,
    0.0,
    0.0,
    0.0,
    5.527183413505554e-05,
    0.0,
    0.0,
    0.0,
    5.741745233535766e-05,
    0.0,
    5.6867748498916625e-05,
    5.6690424680709836e-05,
    5.768343806266785e-05,
    0.0,
    0.0,
    0.0,
    0.0,
    0.0,
    0.0,
    0.0,
    0.0,
    0.0,
    0.0,
    0.0,
    0.0,
    0.0,
    0.0,
    0.0,
    0.0,
    0.0,
    0.0,
    0.0,
    0.0,
    0.0,
    0.0,
    0.0,
    0.0,
    0.0,
    0.0,
    0.0,
    0.0,
    0.0,
    0.0,
    0.0,
    5.759477615356445e-05,
    0.0,
    0.0,
    0.0,
    0.0,
    0.0,
    0.0,
    0.0,
    0.0,
    0.0,
    0.0,
    0.0,
    0.0,
    0.0,
    0.0,
    0.0,
    5.560874938964844e-05,
    0.0,
    0.0,
    0.0,
    0.0,
    0.0,
    9.079950166071978e-05,
    41.388291763666146,
    5.6796818971633914e-05,
    0.0,
    0.003219892385166863,
    5.575060844421387e-05,
    5.7275593280792234e-05,
    5.8516860008239746e-05,
    5.667269229888916e-05,
    5.761250853538513e-05,
    5.525410175323486e-05,
    0.0,
    0.0,
    0.0,
    0.0,
    0.0,
    0.0,
    0.0,
    0.0,
    0.0,
    0.0,
    0.0,
    5.588629225009208e-05,
    0.0,
    5.6696679861957435e-05,
    0.00047259933086825275,
    5.628257989883423e-05,
    0.0,
    0.0,
    0.0,
    0.00046137007773049187,
    0.0,
    0.00024316964664237447,
    1.4699921316667512,
    5.6796818971633914e-05,
    0.0,
    0.12610946554534924,
    5.6850016117095945e-05,
    5.654856562614441e-05,
    5.6796818971633914e-05,
    5.644217133522034e-05,
    5.6335777044296266e-05,
    5.7009607553482054e-05,
    0.0,
    0.0,
    0.0,
    8.618740775098296e-05,
    0.0,
    0.002750948778771176,
    0.004037887945218125,
    5.6779086589813234e-05,
    0.0,
    0.011333361327117063,
    5.693867802619934e-05,
    5.6867748498916625e-05,
    5.6796818971633914e-05,
    5.644217133522034e-05,
    5.738198757171631e-05,
    5.6920945644378663e-05,
    0.0,
    0.014215695056119772,
    5.654856562614441e-05,
    5.706280469894409e-05,
    5.706280469894409e-05,
    5.734652280807495e-05,
    0.0014764726163033197,
    5.6371241807937625e-05,
    5.6850016117095945e-05,
    5.6832283735435355e-05,
    5.704507231712341e-05,
    5.768343806266785e-05,
    5.736425518989563e-05,
    5.576834082603455e-05,
    5.6690424680709836e-05,
    5.642443895339966e-05
  ],
  "Au": [
    112,
    120,
    124,
    126,
    127,
    128,
    160,
    176,
    182,
    183,
    184,
    186,
    187,
    188,
    189,
    190,
    191,
    192,
    204,
    206,
    207,
    208,
    212,
    214,
    215,
    216,
    218,
    219,
    220,
    221,
    222,
    223,
    224,
    228,
    230,
    231,
    232,
    234,
    235,
    236,
    237,
    238,
    239,
    240,
    242,
    243,
    244,
    245,
    246,
    247,
    248,
    249,
    250,
    251,
    252,
    253,
    254,
    255,
    256
  ]
}