{
  "N16_d16_bigru": {
    "N": 16,
    "d": 16,
    "hidden": 64,
    "encoder": "bigru",
    "ku": 4,
    "kv": 7,
    "s1_bler": 0.1262,
    "s1_errs": 631,
    "s1_total": 5000,
    "s1_ci": [
      0.11728139815797808,
      0.13569255689287726
    ],
    "chained_bler": 0.143,
    "chained_errs": 715,
    "chained_n_cw": 5000,
    "chained_ci": [
      0.13357040943851456,
      0.15297774987971802
    ],
    "bler_u": 0.1384,
    "bler_v": 0.143,
    "errs_u": 692,
    "errs_v": 715,
    "first_error_positions_u": [
      12,
      12,
      12,
      12,
      14,
      14,
      15,
      12,
      12,
      12,
      12,
      12,
      12,
      12,
      14,
      12,
      14,
      14,
      14,
      12,
      14,
      14,
      15,
      12,
      14,
      12,
      14,
      15,
      12,
      15,
      12,
      12,
      12,
      12,
      12,
      12,
      14,
      12,
      12,
      12,
      12,
      12,
      14,
      15,
      12,
      12,
      15,
      12,
      12,
      12,
      14,
      16,
      12,
      14,
      12,
      12,
      15,
      12,
      12,
      14,
      12,
      12,
      12,
      15,
      14,
      15,
      12,
      14,
      15,
      15,
      12,
      14,
      14,
      12,
      12,
      14,
      12,
      15,
      12,
      15,
      12,
      15,
      14,
      15,
      15,
      12,
      12,
      12,
      12,
      12,
      15,
      12,
      15,
      14,
      14,
      15,
      15,
      15,
      14,
      12,
      14,
      12,
      14,
      14,
      12,
      15,
      15,
      15,
      15,
      12,
      12,
      12,
      12,
      12,
      12,
      14,
      12,
      12,
      12,
      12,
      12,
      15,
      15,
      12,
      15,
      14,
      12,
      15,
      14,
      12,
      15,
      12,
      12,
      12,
      15,
      14,
      12,
      15,
      14,
      12,
      12,
      12,
      15,
      14,
      15,
      15,
      12,
      12,
      12,
      12,
      12,
      12,
      14,
      15,
      12,
      12,
      12,
      14,
      14,
      14,
      15,
      14,
      14,
      14,
      12,
      14,
      12,
      14,
      15,
      15,
      12,
      12,
      15,
      15,
      14,
      12,
      12,
      12,
      12,
      12,
      12,
      14,
      14,
      12,
      12,
      14,
      15,
      16,
      12,
      15,
      14,
      12,
      12,
      12,
      15,
      15,
      14,
      15,
      12,
      12,
      12,
      14,
      14,
      12,
      15,
      14,
      15,
      12,
      12,
      15,
      15,
      12,
      15,
      12,
      12,
      12,
      15,
      15,
      12,
      15,
      12,
      12,
      14,
      12,
      14,
      12,
      12,
      15,
      12,
      12,
      12,
      12,
      15,
      12,
      15,
      14,
      12,
      15,
      12,
      15,
      15,
      12,
      14,
      12,
      14,
      12,
      15,
      15,
      15,
      15,
      15,
      15,
      14,
      14,
      12,
      12,
      12,
      15,
      14,
      12,
      12,
      15,
      12,
      14,
      14,
      15,
      15,
      15,
      12,
      15,
      12,
      15,
      12,
      12,
      12,
      12,
      12,
      15,
      15,
      14,
      12,
      12,
      14,
      14,
      12,
      12,
      12,
      12,
      12,
      14,
      12,
      12,
      12,
      12,
      12,
      14,
      12,
      15,
      12,
      15,
      14,
      12,
      12,
      14,
      15,
      12,
      15,
      14,
      12,
      12,
      12,
      12,
      12,
      12,
      12,
      12,
      15,
      14,
      12,
      14,
      14,
      12,
      12,
      12,
      12,
      12,
      12,
      14,
      12,
      12,
      14,
      12,
      12,
      12,
      12,
      14,
      12,
      14,
      12,
      12,
      14,
      12,
      15,
      12,
      14,
      12,
      14,
      12,
      15,
      14,
      14,
      14,
      12,
      15,
      15,
      12,
      12,
      15,
      12,
      12,
      15,
      14,
      12,
      15,
      15,
      12,
      15,
      14,
      12,
      15,
      15,
      15,
      12,
      14,
      12,
      12,
      14,
      15,
      15,
      12,
      15,
      15,
      12,
      12,
      15,
      15,
      12,
      12,
      12,
      12,
      12,
      12,
      12,
      15,
      12,
      12,
      15,
      12,
      12,
      12,
      14,
      15,
      12,
      12,
      15,
      12,
      14,
      12,
      15,
      14,
      12,
      12,
      15,
      12,
      12,
      15,
      12,
      12,
      12,
      15,
      12,
      12,
      12,
      14,
      15,
      12,
      15,
      14,
      12,
      12,
      14,
      12,
      14,
      12,
      12,
      12,
      12,
      12,
      12,
      12,
      12,
      12,
      15,
      14,
      12,
      14,
      14,
      12,
      14,
      14,
      12,
      15,
      12,
      12,
      12,
      12,
      12,
      12,
      14,
      12,
      15,
      15,
      12,
      12,
      12,
      15,
      12,
      12,
      12,
      15,
      15,
      12,
      14,
      12,
      14,
      12,
      15,
      12,
      12,
      14,
      12,
      12,
      12,
      12,
      14,
      14,
      14,
      12,
      14,
      15,
      12,
      12,
      12,
      15,
      12,
      12,
      12,
      12,
      14,
      15,
      15,
      15,
      15,
      12,
      12,
      15,
      14,
      15,
      15,
      15,
      12,
      14,
      12,
      12,
      12,
      12,
      12,
      12,
      12,
      14,
      14,
      12,
      15,
      12,
      14,
      14,
      15,
      14,
      12,
      12,
      12,
      12,
      12,
      14,
      14,
      12,
      14,
      12,
      12,
      12,
      15,
      14,
      12,
      15,
      12,
      14,
      14,
      12,
      15,
      14,
      12,
      14,
      12,
      12,
      14,
      12,
      12,
      14,
      14,
      12,
      12,
      14,
      12,
      14,
      14,
      12,
      12,
      12,
      12,
      14,
      12,
      12,
      16,
      14,
      12,
      12,
      12,
      12,
      15,
      12,
      15,
      12,
      12,
      12,
      15,
      12,
      15,
      14,
      12,
      14,
      12,
      12,
      12,
      12,
      14,
      12,
      12,
      14,
      14,
      14,
      15,
      12,
      12,
      12,
      15,
      15,
      15,
      12,
      14,
      15,
      14,
      15,
      12,
      12,
      14,
      12,
      12,
      14,
      12,
      12,
      12,
      12,
      12,
      15,
      15,
      16,
      12,
      14,
      14,
      15,
      12,
      12,
      12,
      12,
      12,
      12,
      14,
      14,
      14,
      14,
      15,
      12,
      15,
      12,
      15,
      15,
      12,
      12,
      12,
      14,
      12,
      14,
      15,
      12,
      15,
      15,
      15,
      14,
      12,
      14,
      12,
      15,
      14,
      12,
      12,
      15,
      15,
      15,
      12,
      12,
      14,
      15,
      12,
      12,
      15,
      15,
      12,
      12,
      12,
      12,
      14,
      12,
      14,
      12,
      12,
      12,
      12,
      14,
      15,
      15,
      14,
      14
    ],
    "s1_ckpt": "isi_mac_bigru_L1_s1_N16_best.pt",
    "s2_ckpt": "isi_mac_bigru_L1_s2_N16_best.pt"
  },
  "N32_d16_window": {
    "N": 32,
    "d": 16,
    "hidden": 64,
    "encoder": "window",
    "ku": 7,
    "kv": 15,
    "s1_bler": 0.087,
    "s1_errs": 435,
    "s1_total": 5000,
    "s1_ci": [
      0.07950156824075588,
      0.09513257685288576
    ],
    "chained_bler": 0.0812,
    "chained_errs": 406,
    "chained_n_cw": 5000,
    "chained_ci": [
      0.07394649514113477,
      0.08909655562210281
    ],
    "bler_u": 0.0812,