{
  "200000": {
    "mi": [
      1.0,
      1.0,
      1.0,
      1.0,
      1.0,
      1.0,
      1.0,
      1.0,
      1.0,
      1.0,
      1.0,
      1.0,
      1.0,
      1.0,
      1.0,
      1.0,
      1.0,
      1.0,
      1.0,
      1.0,
      1.0,
      1.0,
      1.0,
      1.0,
      1.0,
      1.0,
      1.0,
      1.0,
      1.0,
      0.9999999628517464,
      0.9933392570424451,
      1.0,
      1.0,
      1.0,
      1.0,
      1.0,
      1.0,
      1.0,
      1.0,
      1.0,
      1.0,
      1.0,
      1.0,
      1.0,
      1.0,
      1.0,
      0.9938001651722995,
      1.0,
      1.0,
      1.0,
      1.0,
      1.0,
      1.0,
      0.999686613536905,
      1.0,
      1.0,
      0.9996866130750376,
      0.999686613536905,
      0.9996857343511808,
      1.0,
      0.0,
      0.9858906320017695,
      0.7394388026975324,
      1.0,
      1.0,
      1.0,
      1.0,
      1.0,
      1.0,
      1.0,
      1.0,
      1.0,
      1.0,
      1.0,
      1.0,
      1.0,
      0.99998639456654,
      0.9973922277367745,
      0.9875114247194043,
      1.0,
      1.0,
      1.0,
      1.0,
      0.9999999623931259,
      1.0,
      1.0,
      1.0,
      1.0,
      0.994269841058312,
      0.9897913879729768,
      0.9619596250334874,
      0.999992745823563,
      0.0,
      0.9877412123515594,
      0.933592161665235,
      1.0,
      1.0,
      1.0,
      1.0,
      1.0,
      1.0,
      1.0,
      0.9999971932431904,
      1.0,
      0.9999995998537116,
      0.9965131525248411,
      0.1451351244193837,
      0.9996444247356664,
      0.0,
      0.9484180013252732,
      0.8753766201640788,
      1.0,
      1.0,
      0.37898900688237763,
      0.026814242304812306,
      0.9892288213012818,
      0.0,
      0.9673837509250736,
      0.7301893822536483,
      1.0,
      0.0,
      0.8845404577413273,
      0.6095013094347699,
      1.0,
      0.0,
      1.0,
      0.9933450890010082,
      1.0
    ],
    "info_mi": [
      0.9858906320017695,
      0.7394388026975324,
      1.0,
      1.0,
      0.999992745823563,
      0.9877412123515594,
      0.933592161665235,
      1.0,
      1.0,
      0.1451351244193837,
      0.9996444247356664,
      0.0,
      0.9484180013252732,
      0.8753766201640788,
      1.0,
      0.37898900688237763,
      0.026814242304812306,
      0.9892288213012818,
      0.0,
      0.9673837509250736,
      0.7301893822536483,
      1.0,
      0.0,
      0.8845404577413273,
      0.6095013094347699,
      1.0,
      0.0,
      1.0,
      0.9933450890010082,
      1.0
    ],
    "avg_info_mi": 0.739840726167612,
    "weakest_info_mi": 0.0,
    "weakest_info_pos": 109,
    "n_high": 18,
    "n_low": 5,
    "n_mid": 7
  },
  "400000": {
    "mi": [
      1.0,
      1.0,
      1.0,
      1.0,
      1.0,
      1.0,
      1.0,
      1.0,
      1.0,
      1.0,
      1.0,
      1.0,
      1.0,
      1.0,
      1.0,
      1.0,
      1.0,
      1.0,
      1.0,
      1.0,
      1.0,
      1.0,
      1.0,
      1.0,
      1.0,
      1.0,
      1.0,
      1.0,
      1.0,
      1.0,
      1.0,
      1.0,
      1.0,
      1.0,
      1.0,
      1.0,
      1.0,
      1.0,
      1.0,
      1.0,
      1.0,
      1.0,
      1.0,
      1.0,
      1.0,
      1.0,
      1.0,
      1.0,
      1.0,
      1.0,
      1.0,
      1.0,
      1.0,
      1.0,
      1.0,
      1.0,
      1.0,
      1.0,
      1.0,
      1.0,
      0.9457779762687458,
      0.7774891257855059,
      0.36307076567080593,
      1.0,
      1.0,
      1.0,
      1.0,
      1.0,
      1.0,
      1.0,
      1.0,
      1.0,
      1.0,
      1.0,
      1.0,
      1.0,
      1.0,
      1.0,
      1.0,
      1.0,
      1.0,
      1.0,
      1.0,
      1.0,
      1.0,
      1.0,
      1.0,
      0.9996497261974516,
      1.0,
      1.0,
      0.9999999036897151,
      0.9738957262024032,
      0.0,
      0.9734418451761738,
      0.9480721388399302,
      1.0,
      1.0,
      1.0,
      1.0,
      1.0,
      1.0,
      1.0,
      1.0,
      0.9999563525950469,
      1.0,
      1.0,
      0.34542237899155437,
      0.9949110719898853,
      0.0,
      0.9800701667168121,
      0.935427522894038,
      1.0,
      1.0,
      0.538817428830398,
      0.20126381231159707,
      0.9898770910931066,
      0.0,
      0.9601711075792131,
      0.8597908644122876,
      1.0,
      0.0,
      0.8829807470806524,
      0.749494219834685,
      0.9999999999999938,
      0.0,
      0.9999999948580529,
      0.9996432399196405,
      1.0
    ],
    "info_mi": [
      0.7774891257855059,
      0.36307076567080593,
      1.0,
      0.9996497261974516,
      0.9738957262024032,
      0.9734418451761738,
      0.9480721388399302,
      1.0,
      0.9999563525950469,
      0.34542237899155437,
      0.9949110719898853,
      0.0,
      0.9800701667168121,
      0.935427522894038,
      1.0,
      0.538817428830398,
      0.20126381231159707,
      0.9898770910931066,
      0.0,
      0.9601711075792131,
      0.8597908644122876,
      1.0,
      0.0,
      0.8829807470806524,
      0.749494219834685,
      0.9999999999999938,
      0.0,
      0.9999999948580529,
      0.9996432399196405,
      1.0
    ],
    "avg_info_mi": 0.7491148442326412,
    "weakest_info_mi": 0.0,
    "weakest_info_pos": 109,
    "n_high": 18,
    "n_low": 4,
    "n_mid": 8
  },
  "600000": {
    "mi": [
      1.0,
      1.0,
      1.0,
      1.0,
      1.0,
      1.0,
      1.0,
      1.0,
      1.0,
      1.0,
      1.0,
      1.0,
      1.0,
      1.0,
      1.0,
      1.0,
      1.0,
      1.0,
      1.0,
      1.0,
      1.0,
      1.0,
      1.0,
      1.0,
      1.0,
      1.0,
      1.0,
      1.0,
      1.0,
      1.0,
      1.0,
      1.0,
      1.0,
      1.0,
      1.0,
      1.0,
      1.0,
      1.0,
      1.0,
      1.0,
      1.0,
      1.0,
      1.0,
      1.0,
      1.0,
      1.0,
      1.0,
      1.0,
      1.0,
      0.999999997706898,
      1.0,
      1.0,
      1.0,
      1.0,
      1.0,
      1.0,
      1.0,
      1.0,
      0.9996137333483308,
      1.0,
      0.0,
      0.968821781173034,
      0.9005716808056001,
      1.0,
      1.0,
      1.0,
      1.0,
      1.0,
      1.0,
      1.0,
      1.0,
      1.0,
      1.0,
      1.0,
      1.0,
      1.0,
      1.0,
      1.0,
      1.0,
      1.0,
      1.0,
      1.0,
      1.0,
      1.0,
      1.0,
      1.0,
      1.0,
      0.9999999967920227,
      1.0,
      1.0,
      0.9996090717199503,
      0.9012309870465984,
      0.0,
      0.951909055657306,
      0.8988647637447025,
      1.0,
      1.0,
      1.0,
      1.0,
      1.0,
      1.0,
      1.0,
      1.0,
      0.9999999922025293,
      1.0,
      1.0,
      0.18562267814622807,
      0.9936821676068197,
      0.0,
      0.9445618009531694,
      0.8983279306489499,
      1.0,
      1.0,
      0.4944657259083053,
      0.0,
      0.9872877276915957,
      0.0,
      0.9057543242447724,
      0.7759243846322933,
      1.0,
      0.0,
      0.8111328448995784,
      0.5988186500720892,
      1.0,
      0.0,
      0.9939955213403062,
      0.9991725392336869,
      1.0
    ],
    "info_mi": [
      0.968821781173034,
      0.9005716808056001,
      1.0,
      0.9999999967920227,
      0.9012309870465984,
      0.951909055657306,
      0.8988647637447025,
      1.0,
      0.9999999922025293,
      0.18562267814622807,
      0.9936821676068197,
      0.0,
      0.9445618009531694,
      0.8983279306489499,
      1.0,
      0.4944657259083053,
      0.0,
      0.9872877276915957,
      0.0,
      0.9057543242447724,
      0.7759243846322933,
      1.0,
      0.0,
      0.8111328448995784,
      0.5988186500720892,
      1.0,
      0.0,
      0.9939955213403062,
      0.9991725392336869,
      1.0
    ],
    "avg_info_mi": 0.7403381517599862,
    "weakest_info_mi": 0.0,
    "weakest_info_pos": 109,
    "n_high": 18,
    "n_low": 5,
    "n_mid": 7
  },