{
  "16": {
    "N": 16,
    "ku": 4,
    "kv": 7,
    "n": 4,
    "d": 32,
    "hidden": 128,
    "s1_iters": 300000,
    "s2_iters": 80000,
    "Au_mi": [
      8,
      12,
      14,
      16
    ],
    "Av_mi": [
      4,
      6,
      8,
      12,
      14,
      15,
      16
    ],
    "eval": {
      "bler_u": 0.16593,
      "bler_v": 0.16639,
      "bler_chained": 0.1665,
      "errs_u": 16593,
      "errs_v": 16639,
      "errs_total": 16650,
      "n_cw": 100000,
      "seed": 88016
    },
    "done": true
  },
  "32": {
    "N": 32,
    "ku": 7,
    "kv": 15,
    "n": 5,
    "d": 32,
    "hidden": 128,
    "s1_iters": 300000,
    "s2_iters": 80000,
    "Au_mi": [
      8,
      16,
      24,
      28,
      30,
      31,
      32
    ],
    "Av_mi": [
      8,
      12,
      14,
      15,
      16,
      20,
      22,
      23,
      24,
      26,
      27,
      28,
      30,
      31,
      32
    ],
    "eval": {
      "bler_u": 0.06947,
      "bler_v": 0.06952,
      "bler_chained": 0.06958,
      "errs_u": 6947,
      "errs_v": 6952,
      "errs_total": 6958,
      "n_cw": 100000,
      "seed": 88032
    },
    "done": true
  },
  "64": {
    "N": 64,
    "ku": 15,
    "kv": 29,
    "n": 6,
    "d": 32,
    "hidden": 128,
    "s1_iters": 250000,
    "s2_iters": 60000,
    "Au_mi": [
      16,
      24,
      28,
      30,
      32,
      40,
      44,
      46,
      48,
      52,
      56,
      60,
      62,
      63,
      64
    ],
    "Av_mi": [
      8,
      12,
      14,
      15,
      16,
      20,
      22,
      23,
      24,
      28,
      30,
      31,
      32,
      40,
      44,
      46,
      47,
      48,
      52,
      54,
      55,
      56,
      58,
      59,
      60,
      61,
      62,
      63,
      64
    ],
    "eval": {
      "bler_u": 0.03546,
      "bler_v": 0.03544,
      "bler_chained": 0.03546,
      "errs_u": 1773,
      "errs_v": 1772,
      "errs_total": 1773,
      "n_cw": 50000,
      "seed": 88064
    },
    "done": true
  },
  "128": {
    "N": 128,
    "ku": 30,
    "kv": 58,
    "n": 7,
    "d": 32,
    "hidden": 128,
    "s1_iters": 150000,
    "s2_iters": 50000,
    "Au_mi": [
      16,
      24,
      28,
      32,
      40,
      44,
      48,
      56,
      60,
      62,
      63,
      64,
      72,
      80,
      88,
      92,
      94,
      95,
      96,
      104,
      108,
      110,
      112,
      116,
      118,
      120,
      124,
      126,
      127,
      128
    ],
    "Av_mi": [
      12,
      16,
      28,
      30,
      31,
      32,
      40,
      44,
      52,
      54,
      55,
      56,
      58,
      59,
      60,
      61,
      62,
      63,
      64,
      72,
      76,
      78,
      79,
      80,
      84,
      86,
      87,
      88,
      90,
      91,
      92,
      93,
      94,
      95,
      96,
      100,
      102,
      103,
      104,
      106,
      107,
      108,
      110,
      111,
      112,
      114,
      115,
      116,
      118,
      119,
      120,
      122,
      123,
      124,
      125,
      126,
      127,
      128
    ],
    "eval": {
      "bler_u": 0.01274,
      "bler_v": 0.01264,
      "bler_chained": 0.01274,
      "errs_u": 637,
      "errs_v": 632,
      "errs_total": 637,
      "n_cw": 50000,
      "seed": 88128
    },
    "done": true
  }
}